C,mean_accuracy,std_accuracy,mean_f1_macro,std_f1_macro,n_valid_folds
0.1,0.39691176470588235,0.03962801705365346,0.35716866532767155,0.05134537114562529,40
0.05,0.3961764705882353,0.03873498747546609,0.3280722901308616,0.07261201187192842,40
0.01,0.35161764705882353,0.045084675703835606,0.19683666103016167,0.06617013477029476,40
0.001,0.3373529411764706,0.034132466745498365,0.1678503968793029,0.012830201754134171,40
