sector,split,accuracy,baseline_accuracy,balanced_accuracy,f1_macro,f1_weighted,n_samples
Financial Services,train,0.4601941747572815,0.36699029126213595,0.45505957368702465,0.45559932724338076,0.45787498627272066,1030
Financial Services,testing_tscv_oof,0.4023529411764706,0.3811764705882353,0.40209297839506175,0.4016201415383996,0.4028062296160801,850
Financial Services,testing_tscv_fold_mean,0.4023529411764706,,0.39879893964162205,0.37756181995827903,0.3825843363248961,850
Financial Services,validation_out_of_sample,0.32727272727272727,0.41818181818181815,0.3353225348110258,0.32597072037445124,0.32552470846941206,220
