sector,split,accuracy,balanced_accuracy,f1_macro,f1_weighted,n_samples
Real Estate,train,0.4151268399624178,0.4139196550522968,0.4103500512303824,0.4111093626578777,6386
Real Estate,testing_tscv_oof,0.34573055028462996,0.34184675723913793,0.3357232576161942,0.33797335798265465,5270
Real Estate,testing_tscv_fold_mean,0.34573055028463,0.34508158565366664,0.2937807423489577,0.2945495802011596,5270
Real Estate,validation_out_of_sample,0.3460410557184751,0.3427431878274158,0.3114166077413774,0.3129054977035088,1364
