C,mean_accuracy,std_accuracy,mean_f1_macro,std_f1_macro,n_valid_folds
31.622776601683793,0.3431372549019608,0.04598446823356302,0.3031878770841825,0.06496852273531432,5
10.0,0.3431372549019608,0.043844470147054705,0.30138334330641364,0.06306539164650632,5
0.31622776601683794,0.33333333333333337,0.07270782830485943,0.2842372800117993,0.08638482007871494,5
3.1622776601683795,0.30980392156862746,0.03507557611764377,0.2666018229986408,0.05482272859153741,5
1.0,0.3078431372549019,0.03834824944236854,0.2613317686846862,0.049030219432865,5
0.1,0.33333333333333337,0.07170950410944996,0.25303573910974,0.0859778631833187,5
0.01,0.296078431372549,0.05648964819956052,0.1515443323450421,0.0215236771661788,5
0.03162277660168379,0.296078431372549,0.05648964819956052,0.1515443323450421,0.0215236771661788,5
