sector,split,accuracy,balanced_accuracy,f1_macro,f1_weighted,n_samples
Real Estate,train,0.4449838187702265,0.4451610036787112,0.4410240238054808,0.4410410852886748,618
Real Estate,testing_tscv_oof,0.3431372549019608,0.3414905873657667,0.3398664498988124,0.34096997653060857,510
Real Estate,testing_tscv_fold_mean,0.3431372549019608,0.3493332221524474,0.3031878770841825,0.30096765899229305,510
Real Estate,validation_out_of_sample,0.3333333333333333,0.35615637559371577,0.3061645975245355,0.3040638956950464,132
