n_estimators,mean_rmse,std_rmse,mean_mae,std_mae,mean_r2,std_r2,mean_accuracy,std_accuracy,mean_directional_accuracy,std_directional_accuracy,n_valid_folds
400,0.02601960752414509,0.007075179696278382,0.01731958500910894,0.006263082461366435,-0.22120422063056763,0.329262206577333,0.48713848039215685,0.039442571109631556,0.48713848039215685,0.039442571109631556,320
200,0.026045103167661388,0.0071008491750258525,0.017336071248382906,0.00628498558002577,-0.22379416589579862,0.3326884362480514,0.4868106617647059,0.03890469211305642,0.4868106617647059,0.03890469211305642,320
