sector,split,rmse,baseline_rmse_mean,mae,baseline_mae_mean,r2,baseline_r2_mean,accuracy,directional_accuracy,n_samples
Healthcare,train,0.02155030232207894,0.0230371675001867,0.013660247386580386,0.014688557375230487,0.12491835568088216,0.0,0.6063106796116505,0.6063106796116505,12360
Healthcare,testing_tscv_oof,0.025269486380873625,0.023716802350771025,0.016206346151866224,0.014953711145717398,-0.13522137741021933,0.0,0.4894117647058824,0.4894117647058824,10200
Healthcare,testing_tscv_fold_mean,0.024726430422367343,0.02341216617312635,0.016206346151866224,0.014975857090233144,-0.10334251564887867,0.0,0.4894117647058824,0.4894117647058824,10200
Healthcare,validation_out_of_sample,0.020194047867424403,0.020268948094647226,0.01341145461770691,0.013502137859244133,0.007376982442367508,0.0,0.5302325581395348,0.5302325581395348,2580
