sector,split,accuracy,balanced_accuracy,f1_macro,f1_weighted,n_samples
Technology,train,0.4468416636701426,0.4430267858380557,0.4395630984102363,0.4418641501746112,16686
Technology,testing_tscv_oof,0.39636891793754536,0.39006284596283863,0.3774529618489087,0.38143632716648107,13770
Technology,testing_tscv_fold_mean,0.3963689179375454,0.3826173393188406,0.3434619355113611,0.35119106511153125,13770
Technology,validation_out_of_sample,0.40852974186307517,0.3990868307326136,0.38674306083902016,0.3933131626565366,3564
