n_estimators,mean_rmse,std_rmse,mean_mae,std_mae,mean_r2,std_r2,mean_accuracy,std_accuracy,mean_directional_accuracy,std_directional_accuracy,n_valid_folds
400,0.022452649407646755,0.008475105587627776,0.015178647044270684,0.006794342621782847,-0.36899869051389206,0.7523899756301136,0.5358100094876661,0.0346367125309231,0.5358100094876661,0.0346367125309231,320
200,0.02247548526686236,0.008521726811982263,0.01519882745720246,0.0068386919053345764,-0.37252917324084006,0.760631101463765,0.5360679554079696,0.03513216287527842,0.5360679554079696,0.03513216287527842,320
