sector,split,rmse,baseline_rmse_mean,mae,baseline_mae_mean,r2,baseline_r2_mean,accuracy,directional_accuracy,n_samples
Utilities,train,0.01708156391580844,0.01927064961372174,0.010491388654348168,0.012054578819957628,0.2142895112664983,0.0,0.6742875039148136,0.6742875039148136,6386
Utilities,testing_tscv_oof,0.02232701115932569,0.019902877703965642,0.014191744779406441,0.012301601621310625,-0.2584310635673026,0.0,0.5347248576850094,0.5347248576850094,5270
Utilities,testing_tscv_fold_mean,0.0213185547970634,0.01939240485663985,0.01419174477940644,0.012337361705850156,-0.20911085798466544,0.0,0.5347248576850095,0.5347248576850095,5270
Utilities,validation_out_of_sample,0.014586255797623338,0.01489459241177963,0.009881857376438801,0.01013581596867441,0.04097394943706345,0.0,0.5948987246811703,0.5948987246811703,1333
