C,mean_accuracy,std_accuracy,mean_f1_macro,std_f1_macro,n_valid_folds,mean_combo
1.0,0.3360294117647059,0.01770822732175338,0.3135151799747591,0.015467411593525956,20,0.3135151799747591
0.1,0.35,0.03368696349841013,0.3116922567403416,0.026988956656645385,20,0.3116922567403416
0.01,0.32794117647058824,0.05261336417646566,0.1689768688614284,0.029233836070331243,20,0.1689768688614284
0.001,0.33382352941176474,0.056574659004915734,0.16599598273855687,0.02121437396938445,20,0.16599598273855687
