sector,split,accuracy,baseline_accuracy,balanced_accuracy,f1_macro,f1_weighted,n_samples
Utilities,train,0.44902912621359226,0.3580097087378641,0.44403417503649883,0.43823603356130225,0.4415485579176155,824
Utilities,testing_tscv_oof,0.3602941176470588,0.37058823529411766,0.3554476868706334,0.3521584906658184,0.35641814272541317,680
Utilities,testing_tscv_fold_mean,0.3602941176470588,,0.3591746801623175,0.3315876369338604,0.3367204280344911,680
Utilities,validation_out_of_sample,0.3181818181818182,0.3806818181818182,0.3201500969727633,0.2943252477811768,0.2941612287522243,176
