C,mean_accuracy,std_accuracy,mean_f1_macro,std_f1_macro,n_valid_folds,mean_combo
0.1,0.365,0.05509796576426764,0.325897802272213,0.06495924689079997,20,0.325897802272213
1.0,0.3623529411764706,0.06961140414443943,0.31357282761905003,0.08499461353759596,20,0.31357282761905003
0.01,0.3261764705882353,0.03247093596978068,0.18922853982451773,0.05960870878189556,20,0.18922853982451773
0.001,0.32441176470588234,0.03436734716389369,0.16298022992859942,0.012914822769214847,20,0.16298022992859942
