sector,split,accuracy,baseline_accuracy,balanced_accuracy,f1_macro,f1_weighted,n_samples
Industrials,train,0.4436893203883495,0.34563106796116505,0.4433668683782468,0.44285105466721336,0.44297609092010304,1030
Industrials,testing_tscv_oof,0.3729411764705882,0.3517647058823529,0.36832404310665173,0.3621779408407118,0.3644214010393398,850
Industrials,testing_tscv_fold_mean,0.3729411764705882,,0.3697912229236197,0.33294946001507475,0.33507890490242265,850
Industrials,validation_out_of_sample,0.41363636363636364,0.37727272727272726,0.4181151958260392,0.41685903213986436,0.412767411759573,220
