sector,split,accuracy,balanced_accuracy,f1_macro,f1_weighted,n_samples
Communication Services,train,0.4345631067961165,0.424983584691087,0.4173487410046362,0.42320026598329297,5150
Communication Services,testing_tscv_oof,0.36376470588235293,0.35753681822122346,0.3562278974178345,0.36080767902521116,4250
Communication Services,testing_tscv_fold_mean,0.36376470588235293,0.3511027837466945,0.30488804325559643,0.3142071246789457,4250
Communication Services,validation_out_of_sample,0.4036363636363636,0.39049165559917715,0.36878086507244373,0.37621209810631195,1100
