C,mean_accuracy,std_accuracy,mean_f1_macro,std_f1_macro,n_valid_folds,mean_combo
1.0,0.35514705882352937,0.02364442350373583,0.3100862484884626,0.03320728573473097,20,0.3100862484884626
0.1,0.34872549019607846,0.026768665338022298,0.29639802174456487,0.03120021407705583,20,0.29639802174456487
0.01,0.3468627450980392,0.0289892248835954,0.2771518343604652,0.04316014485809902,20,0.2771518343604652
0.001,0.33210784313725494,0.03907272056643117,0.17638970693246467,0.03448333335046469,20,0.17638970693246467
