sector,split,accuracy,baseline_accuracy,balanced_accuracy,f1_macro,f1_weighted,n_samples
Healthcare,train,0.41634304207119743,0.348462783171521,0.41541611400551043,0.41291922685197385,0.41352964808363335,12360
Healthcare,testing_tscv_oof,0.3550980392156863,0.3561764705882353,0.35110379055260776,0.3486959542370108,0.3512684420863906,10200
Healthcare,testing_tscv_fold_mean,0.3550980392156863,,0.35109857287247953,0.31048992183131996,0.3146407823635891,10200
Healthcare,validation_out_of_sample,0.37575757575757573,0.3416666666666667,0.37098093362985013,0.34620339126078253,0.34914550951740747,2640
