n_estimators,mean_rmse,std_rmse,mean_mae,std_mae,mean_r2,std_r2,mean_directional_accuracy,std_directional_accuracy,n_valid_folds
200,0.024747250578878933,0.007439453874405045,0.016449425044918926,0.004706199348542824,-0.1578878510787027,0.16484982237533286,0.5062683823529411,0.040014995772189844,320
400,0.024752639545779595,0.007448425137194003,0.016462521642075928,0.004719014412047082,-0.15814435696047668,0.16517179689621111,0.5057904411764705,0.03946541312571405,320
