sector,split,rmse,baseline_rmse_mean,mae,baseline_mae_mean,r2,baseline_r2_mean,directional_accuracy,n_samples
Industrials,train,0.020723483310080164,0.022900814096460883,0.012999177036855634,0.014228448116965811,0.18111358045364878,0.0,0.6689320388349514,1030
Industrials,testing_tscv_oof,0.024229647576647566,0.023774171110204956,0.015125652887311774,0.014661128546539488,-0.03868396317679079,0.0,0.5047058823529412,850
Industrials,testing_tscv_fold_mean,0.02349691561653309,0.02289934948269487,0.015125652887311778,0.01467247328063082,-0.05951659264645974,0.0,0.5047058823529411,850
Industrials,validation_out_of_sample,0.019981841738599883,0.019894102675930198,0.013987412755765491,0.014076348458241517,-0.008840061009059541,0.0,0.5395348837209303,215
