C,mean_accuracy,std_accuracy,mean_f1_macro,std_f1_macro,n_valid_folds
0.1,0.32738970588235294,0.05193945836448934,0.286535309679114,0.05077082445225896,40
0.05,0.3264705882352941,0.04625899284794454,0.2580573770484743,0.05205094601605626,40
0.01,0.3306985294117647,0.04946500612805315,0.1762199871181928,0.03288612794355498,40
0.001,0.31580882352941175,0.04507969411780593,0.15942298950399025,0.017515217268758564,40
