sector,split,accuracy,baseline_accuracy,balanced_accuracy,f1_macro,f1_weighted,n_samples
Real Estate,train,0.4162621359223301,0.3483009708737864,0.4169211587073854,0.415332493670725,0.41519233344066886,824
Real Estate,testing_tscv_oof,0.3411764705882353,0.34411764705882353,0.33928784393900674,0.3380673397694745,0.3393967677974955,680
Real Estate,testing_tscv_fold_mean,0.34117647058823525,,0.35482313647321895,0.31060784058086227,0.3113240121262636,680
Real Estate,validation_out_of_sample,0.3181818181818182,0.3977272727272727,0.3050099206349206,0.3034486276910519,0.3209077691515708,176
