sector,split,accuracy,balanced_accuracy,f1_macro,f1_weighted,n_samples
Industrials,train,0.42354368932038833,0.42227112338807093,0.4209900552527442,0.42197543886928673,14832
Industrials,testing_tscv_oof,0.38325163398692813,0.3743176944218117,0.3592200751646884,0.3639656333557137,12240
Industrials,testing_tscv_fold_mean,0.3832516339869281,0.36087497871343677,0.3070984381184672,0.3213268365659962,12240
Industrials,validation_out_of_sample,0.3680555555555556,0.36537768756995187,0.34519619123900397,0.3469050710081262,3168
