C,mean_accuracy,std_accuracy,mean_f1_macro,std_f1_macro,n_valid_folds
10.0,0.3529411764705882,0.03602190798210555,0.3386247577013245,0.03171091772770903,5
31.622776601683793,0.34941176470588237,0.03734251823083264,0.3355789676126012,0.03098024277808109,5
3.1622776601683795,0.34705882352941175,0.04032738000235905,0.33340447979100574,0.032610761043017855,5
0.1,0.3764705882352941,0.041386021410206725,0.3329441445436308,0.048501921320507214,5
0.31622776601683794,0.3529411764705882,0.036499040135267224,0.32318477060497464,0.04167695912241704,5
1.0,0.3388235294117647,0.030452186130693622,0.31997393936031737,0.046220240657447446,5
0.03162277660168379,0.3341176470588235,0.052843046309354595,0.19029958441647868,0.07030478837823423,5
0.01,0.3458823529411765,0.024038607931414786,0.17120320332904732,0.008782072732712911,5
