sector,split,accuracy,balanced_accuracy,f1_macro,f1_weighted,n_samples
Healthcare,train,0.44660194174757284,0.4454464068843471,0.4426925621873809,0.4435152396021907,1030
Healthcare,testing_tscv_oof,0.35294117647058826,0.3566355213599302,0.3523951699927541,0.3512846135935222,850
Healthcare,testing_tscv_fold_mean,0.3529411764705882,0.35530298311383324,0.3386247577013245,0.3408254871822765,850
Healthcare,validation_out_of_sample,0.36818181818181817,0.35161401098901096,0.3384507679337319,0.35225359384440624,220
