C,mean_accuracy,std_accuracy,mean_f1_macro,std_f1_macro,n_valid_folds
1.0,0.3735294117647059,0.047196489811415304,0.36473636658751285,0.052984419676401016,5
3.1622776601683795,0.3588235294117647,0.05845472621868172,0.35131045956497975,0.06438132488393404,5
31.622776601683793,0.36764705882352944,0.06897670235034453,0.35030658367798095,0.07195130748708568,5
10.0,0.3529411764705882,0.048773893975814685,0.3383155745674312,0.05773838083015029,5
0.31622776601683794,0.34705882352941175,0.03834824944236851,0.334404249891771,0.03829142431936312,5
0.1,0.35882352941176465,0.06787047505420192,0.314209206947535,0.1063742821209203,5
0.03162277660168379,0.34411764705882353,0.05561079529761481,0.19474793409825486,0.06632276605307083,5
0.01,0.3264705882352941,0.0544316338921228,0.163407711953435,0.020480488068240345,5
