C,mean_accuracy,std_accuracy,mean_f1_macro,std_f1_macro,n_valid_folds,mean_combo
1.0,0.3569734345351044,0.024567617479437597,0.28930089155987243,0.029872851811386696,20,0.28930089155987243
0.1,0.3614326375711575,0.020389421969377892,0.2857373845164489,0.04339460718116355,20,0.2857373845164489
0.01,0.37979127134724855,0.023246259407581044,0.2517568639382036,0.05821084407587391,20,0.2517568639382036
0.001,0.34914611005692603,0.03415004892953178,0.17221904104180946,0.012807693134959833,20,0.17221904104180946
