sector,split,accuracy,baseline_accuracy,balanced_accuracy,f1_macro,f1_weighted,n_samples
Utilities,train,0.4296899467585343,0.359849671155653,0.41921311083908924,0.4018053372411845,0.4088286064459896,6386
Utilities,testing_tscv_oof,0.35958254269449713,0.37210626185958257,0.3475016638290001,0.339754113378033,0.34827803627690246,5270
Utilities,testing_tscv_fold_mean,0.35958254269449713,,0.33545155221079404,0.290303141788229,0.30522436058068336,5270
Utilities,validation_out_of_sample,0.42302052785923755,0.37609970674486803,0.39724682968819774,0.36249956667002015,0.3742467155684974,1364
