n_estimators,mean_rmse,std_rmse,mean_mae,std_mae,mean_r2,std_r2,mean_directional_accuracy,std_directional_accuracy,n_valid_folds
200,0.02428807909476089,0.007806756167646288,0.015388321597094804,0.0034913126236723207,-0.05287262972513298,0.051475392592451534,0.48634191176470587,0.03886291353769237,320
400,0.024297511109502595,0.007819376314381763,0.01539231799393256,0.0035058016586967554,-0.05355701160729152,0.053444766797054274,0.4839338235294117,0.038735766980480396,320
