sector,split,rmse,baseline_rmse_mean,mae,baseline_mae_mean,r2,baseline_r2_mean,directional_accuracy,n_samples
Healthcare,train,0.021587156192911114,0.0239374480816714,0.01296255173586753,0.014542758524940889,0.18672921969691636,0.0,0.7475728155339806,1030
Healthcare,testing_tscv_oof,0.0251689545420357,0.025045107639809838,0.015158389435430675,0.015028208877977768,-0.009914360331071626,0.0,0.4894117647058824,850
Healthcare,testing_tscv_fold_mean,0.02397159120562453,0.023728095166271522,0.015158389435430675,0.0150645246979012,-0.024894778478397696,0.0,0.4894117647058823,850
Healthcare,validation_out_of_sample,0.01579703830983981,0.015800853072236963,0.01161047098084618,0.01155100071178513,0.00048279695851938254,0.0,0.5348837209302325,215
