sector,split,accuracy,balanced_accuracy,f1_macro,f1_weighted,n_samples
Utilities,train,0.48446601941747575,0.482177333861983,0.4790864737267342,0.48037623139088365,1030
Utilities,testing_tscv_oof,0.34823529411764703,0.3455288465170054,0.34613667006736804,0.3487837537280144,850
Utilities,testing_tscv_fold_mean,0.34823529411764703,0.34793689858953014,0.32074107563845733,0.3215408525627427,850
Utilities,validation_out_of_sample,0.39090909090909093,0.3684414645705265,0.31014299739616685,0.3239047951664164,220
