n_estimators,mean_rmse,std_rmse,mean_mae,std_mae,mean_r2,std_r2,mean_directional_accuracy,std_directional_accuracy,n_valid_folds
400,0.01955392648816087,0.002545911385257209,0.013261368116486805,0.0014644774856374353,-0.053556374907917995,0.06669124942578403,0.49827665441176466,0.03234136664477337,320
200,0.019569237342975148,0.002545810957446271,0.013270244215107599,0.0014705788993855592,-0.0554345649081389,0.070826438440801,0.5001608455882354,0.03301412828041543,320
