sector,split,rmse,baseline_rmse_mean,mae,baseline_mae_mean,r2,baseline_r2_mean,directional_accuracy,n_samples
Consumer Defensive,train,0.01732958954354407,0.018621897597356395,0.011640372478117814,0.012557626655097652,0.1339784787925421,0.0,0.7111650485436893,824
Consumer Defensive,testing_tscv_oof,0.01936945073364684,0.01929856734054515,0.01295800779865921,0.012864010526247333,-0.007359465472285498,0.0,0.5,680
Consumer Defensive,testing_tscv_fold_mean,0.01920118634225741,0.019066834580136614,0.01295800779865921,0.012839478674321609,-0.013583365139162806,0.0,0.5,680
Consumer Defensive,validation_out_of_sample,0.014141126407397939,0.013774430276318606,0.011031454677975845,0.010778840947350278,-0.05395172445690766,0.0,0.47093023255813954,172
