C,mean_accuracy,std_accuracy,mean_f1_macro,std_f1_macro,n_valid_folds
10.0,0.3799019607843137,0.03090568679636884,0.338013405728931,0.0387654959877733,5
1.0,0.3862745098039216,0.029746865536174068,0.33777746110102236,0.05116417068928107,5
3.1622776601683795,0.3784313725490196,0.02824482409978028,0.33429557751041833,0.03835864192670376,5
0.31622776601683794,0.38284313725490193,0.025612451916888497,0.3337350424409676,0.041769645368424105,5
31.622776601683793,0.37254901960784315,0.03635391415242969,0.33183677414474355,0.03789479148591918,5
0.1,0.38284313725490193,0.027038657589258053,0.3259956849274529,0.05817789689148223,5
0.03162277660168379,0.37941176470588234,0.028865432393014298,0.27930213734605214,0.061743170018040326,5
0.01,0.36323529411764705,0.032209650001959834,0.1774127390177853,0.011705375346520818,5
