sector,split,accuracy,balanced_accuracy,f1_macro,f1_weighted,n_samples
Technology,train,0.459546925566343,0.4556433904259991,0.454764616850226,0.45699496814825,2472
Technology,testing_tscv_oof,0.3799019607843137,0.373395895629475,0.37019466265519946,0.37411878940577,2040
Technology,testing_tscv_fold_mean,0.3799019607843137,0.37142813009043524,0.338013405728931,0.3466450049967341,2040
Technology,validation_out_of_sample,0.38446969696969696,0.37097498356430925,0.3451710647137867,0.35556305355999845,528
