C,mean_accuracy,std_accuracy,mean_f1_macro,std_f1_macro,n_valid_folds,mean_combo
1.0,0.3672794117647059,0.023310099241393163,0.3322092265238255,0.028563581378757436,20,0.3322092265238255
0.1,0.3676470588235294,0.027095311244913756,0.31090882010745646,0.036313557398545956,20,0.31090882010745646
0.01,0.3110294117647059,0.025370591429611043,0.17084600320239487,0.041025299021662257,20,0.17084600320239487
0.001,0.3356617647058823,0.027643744449248876,0.16733766069623518,0.01020909768997604,20,0.16733766069623518
