sector,split,accuracy,baseline_accuracy,balanced_accuracy,f1_macro,f1_weighted,n_samples
Basic Materials,train,0.44660194174757284,0.33859223300970875,0.4465862165103152,0.4458674519211356,0.4458986434490031,824
Basic Materials,testing_tscv_oof,0.3720588235294118,0.3411764705882353,0.3706061982862297,0.36794553297627397,0.36867670429964616,680
Basic Materials,testing_tscv_fold_mean,0.3720588235294118,,0.3632452493303495,0.3354883229027138,0.34268074837721796,680
Basic Materials,validation_out_of_sample,0.3181818181818182,0.3522727272727273,0.33243699882595146,0.29544266764612903,0.28972187800111937,176
