C,mean_accuracy,std_accuracy,mean_f1_macro,std_f1_macro,n_valid_folds,mean_combo
1.0,0.3529411764705882,0.024093471232621323,0.2815804924737748,0.028989249307952856,20,0.2815804924737748
0.1,0.34558823529411764,0.045514521448882836,0.27834527565619377,0.03995014805334893,20,0.27834527565619377
0.01,0.3613970588235294,0.04948485996616971,0.17801406165231573,0.018651967223496078,20,0.17801406165231573
0.001,0.33860294117647055,0.047859564620842454,0.16803122560944023,0.017793204267073502,20,0.16803122560944023
