sector,split,accuracy,baseline_accuracy,balanced_accuracy,f1_macro,f1_weighted,n_samples
Energy,train,0.48058252427184467,0.3725728155339806,0.47058179351400814,0.4707339760321059,0.4752597800558015,824
Energy,testing_tscv_oof,0.3588235294117647,0.3926470588235294,0.343491468997087,0.34056219432724694,0.3492160374071383,680
Energy,testing_tscv_fold_mean,0.3588235294117647,,0.3396816682566487,0.2947249113497813,0.3123953232763075,680
Energy,validation_out_of_sample,0.32386363636363635,0.3806818181818182,0.30991145965089806,0.286153986445537,0.29687815458146,176
