C,mean_accuracy,std_accuracy,mean_f1_macro,std_f1_macro,n_valid_folds
0.1,0.33841911764705884,0.0387827547375655,0.3017192877698055,0.060414406357529954,40
0.05,0.3323529411764706,0.03834101869856099,0.27223164795471777,0.06578308383000818,40
0.01,0.33694852941176473,0.050803354026296106,0.18296997952373006,0.04434098649624686,40
0.001,0.33400735294117645,0.050611980444813444,0.16622595131892443,0.018765542895525907,40
