sector,split,accuracy,baseline_accuracy,balanced_accuracy,f1_macro,f1_weighted,n_samples
Consumer Defensive,train,0.4381067961165049,0.33737864077669905,0.43831330384382916,0.4379874952968102,0.4378444178568878,824
Consumer Defensive,testing_tscv_oof,0.35294117647058826,0.3397058823529412,0.3523319642438165,0.3518068135808896,0.3519826346571945,680
Consumer Defensive,testing_tscv_fold_mean,0.3529411764705882,,0.3502426257745407,0.31049584969354715,0.3164216140770217,680
Consumer Defensive,validation_out_of_sample,0.3806818181818182,0.3977272727272727,0.37750328201456024,0.3776368194022064,0.3824966395944841,176
