sector,split,accuracy,balanced_accuracy,f1_macro,f1_weighted,n_samples
Energy,train,0.4382171226831421,0.432618358000257,0.4310415362553708,0.4343755123359426,4532
Energy,testing_tscv_oof,0.3574866310160428,0.34004888207497336,0.32830522778091625,0.3384096151342144,3740
Energy,testing_tscv_fold_mean,0.3574866310160428,0.3383506988129788,0.31228951157997364,0.3246919669491652,3740
Energy,validation_out_of_sample,0.36673553719008267,0.36474258747919697,0.3100341130604289,0.3147284145280557,968
