n_estimators,mean_rmse,std_rmse,mean_mae,std_mae,mean_r2,std_r2,mean_accuracy,std_accuracy,mean_directional_accuracy,std_directional_accuracy,n_valid_folds
400,0.03196431155405231,0.013392252674646764,0.022059546144612367,0.010776129209587393,-0.37873607942555826,0.6237261933214545,0.5149759440813362,0.044565488410547395,0.5149759440813362,0.044565488410547395,320
200,0.03201606272638418,0.013494682132171103,0.02210775149374557,0.010874405965427752,-0.383420924682606,0.6334428876814627,0.5148817628903413,0.044470426804294,0.5148817628903413,0.044470426804294,320
