sector,split,rmse,baseline_rmse_mean,mae,baseline_mae_mean,r2,baseline_r2_mean,accuracy,directional_accuracy,n_samples
Technology,train,0.023355395800002527,0.0275062331459191,0.014790761364353396,0.017188449026918583,0.2790382510072119,0.0,0.6402373247033442,0.6402373247033442,16686
Technology,testing_tscv_oof,0.03260238328913184,0.02779418019814688,0.020894994062552318,0.017395799844486994,-0.37591295584594975,0.0,0.5160493827160494,0.5160493827160494,13770
Technology,testing_tscv_fold_mean,0.030652546795091558,0.02683793162579945,0.02089499406255232,0.0174349815629607,-0.26520463034435954,0.0,0.5160493827160494,0.5160493827160494,13770
Technology,validation_out_of_sample,0.026434800104496704,0.026439535266426385,0.015977471880117406,0.01602588012723566,0.00035815591026389093,0.0,0.5262704565030146,0.5262704565030146,3483
