n_estimators,mean_rmse,std_rmse,mean_mae,std_mae,mean_r2,std_r2,mean_accuracy,std_accuracy,mean_directional_accuracy,std_directional_accuracy,n_valid_folds
400,0.0263736432635338,0.010057326182097636,0.01874885253075391,0.00792524635651039,-0.33363356017686496,0.6287026511322588,0.5116176470588235,0.03612140483472523,0.5116176470588235,0.03612140483472523,320
200,0.026395730749666703,0.010108735787610046,0.01876838071991986,0.007972729197887093,-0.3362073684117236,0.6348367311776582,0.5119485294117647,0.03700071765704379,0.5119485294117647,0.03700071765704379,320
