sector,split,rmse,baseline_rmse_mean,mae,baseline_mae_mean,r2,baseline_r2_mean,accuracy,directional_accuracy,n_samples
Basic Materials,train,0.019247752836180312,0.022682525327043925,0.012985755531549783,0.0150041241902637,0.27992578869579643,0.0,0.6861650485436893,0.6861650485436893,4120
Basic Materials,testing_tscv_oof,0.025887736709779573,0.023233213216290995,0.017457981876259576,0.015405937442677412,-0.24156542487333832,0.0,0.51,0.51,3400
Basic Materials,testing_tscv_fold_mean,0.024870152514484097,0.022697765169381247,0.017457981876259573,0.015435684277402325,-0.17684306640497022,0.0,0.51,0.51,3400
Basic Materials,validation_out_of_sample,0.022144926101816755,0.02204308639164495,0.014938170998121865,0.014923746022358388,-0.00926140374289064,0.0,0.5372093023255814,0.5372093023255814,860
