C,mean_accuracy,std_accuracy,mean_f1_macro,std_f1_macro,n_valid_folds
1.0,0.33529411764705885,0.07669649888473704,0.3251350441796196,0.07070621538504197,5
0.31622776601683794,0.3352941176470588,0.11122159059522961,0.31452433134702296,0.10843587835137591,5
3.1622776601683795,0.33529411764705885,0.0708329092870135,0.3099968162321104,0.058249206841659545,5
10.0,0.32941176470588235,0.07892004626469844,0.2933030303030303,0.0637470319147532,5
31.622776601683793,0.3235294117647059,0.08318903308077029,0.2852247785477461,0.06528694989162716,5
0.1,0.2647058823529412,0.11764705882352941,0.18658697896502777,0.08446262092228153,5
0.03162277660168379,0.30588235294117644,0.1357409501084038,0.15145652576346594,0.056577480992391745,5
0.01,0.2647058823529412,0.1100487466698218,0.13629426485652416,0.0466945788466658,5
