sector,split,accuracy,balanced_accuracy,f1_macro,f1_weighted,n_samples
Energy,train,0.5485436893203883,0.545045045045045,0.5450556956704498,0.5467040181686847,206
Energy,testing_tscv_oof,0.3352941176470588,0.3293042452830189,0.3305347909075134,0.3371001867899685,170
Energy,testing_tscv_fold_mean,0.33529411764705885,0.3516328116328116,0.3251350441796196,0.3362713903270004,170
Energy,validation_out_of_sample,0.3409090909090909,0.3333333333333333,0.1724137931034483,0.17633228840125392,44
