C,mean_accuracy,std_accuracy,mean_f1_macro,std_f1_macro,n_valid_folds,mean_combo
1.0,0.3502941176470588,0.0433724473132498,0.32416087006398964,0.04959894698118705,20,0.32416087006398964
0.1,0.34411764705882353,0.03115572649432495,0.3144169113185272,0.03199434884321583,20,0.3144169113185272
0.01,0.3376470588235294,0.04465207777400291,0.18150059373256333,0.034907739320848924,20,0.18150059373256333
0.001,0.3352941176470588,0.047290451623851454,0.16680994398807797,0.017564765223534683,20,0.16680994398807797
