sector,split,accuracy,baseline_accuracy,balanced_accuracy,f1_macro,f1_weighted,n_samples
Healthcare,train,0.4349514563106796,0.3504854368932039,0.43506780917117244,0.43268964183988917,0.4329356663714356,1030
Healthcare,testing_tscv_oof,0.36,0.3588235294117647,0.3597363414103209,0.3598712659280383,0.36030555836692085,850
Healthcare,testing_tscv_fold_mean,0.36,,0.36368977319724405,0.3356073574641436,0.33791484977475506,850
Healthcare,validation_out_of_sample,0.4090909090909091,0.37727272727272726,0.41654100272055966,0.4101093312992627,0.41088690104708414,220
