sector,split,accuracy,balanced_accuracy,f1_macro,f1_weighted,n_samples
Basic Materials,train,0.44733009708737864,0.44764465275612103,0.44657597677670374,0.44644821626166936,4120
Basic Materials,testing_tscv_oof,0.38441176470588234,0.3833185869645635,0.37918986616967754,0.38002319737785617,3400
Basic Materials,testing_tscv_fold_mean,0.38441176470588234,0.38641921807793,0.36060560369969064,0.3599715299347116,3400
Basic Materials,validation_out_of_sample,0.38636363636363635,0.38987108231356743,0.3618596851356321,0.36068283973230847,880
