C,mean_accuracy,std_accuracy,mean_f1_macro,std_f1_macro,n_valid_folds
0.1,0.3564338235294118,0.03452802211982911,0.3247089084521368,0.03858578321844271,40
0.05,0.3422794117647059,0.04179235324359137,0.28859147324502155,0.06867364378830192,40
0.01,0.31378676470588235,0.05548569982290206,0.17555308942412978,0.05314504614311884,40
0.001,0.32573529411764707,0.05352244994756567,0.1630052221002562,0.020229276607799163,40
