sector,split,accuracy,baseline_accuracy,balanced_accuracy,f1_macro,f1_weighted,n_samples
Utilities,train,0.4538834951456311,0.3580097087378641,0.4479102090615314,0.4379194467365861,0.44171737094862035,824
Utilities,testing_tscv_oof,0.38529411764705884,0.37058823529411766,0.3789665612863688,0.37444146673310236,0.37949100251172707,680
Utilities,testing_tscv_fold_mean,0.3852941176470589,,0.379512423391663,0.35056559930256453,0.3577110705923418,680
Utilities,validation_out_of_sample,0.3352272727272727,0.3806818181818182,0.33642465637912133,0.3097611137478247,0.30957145014453985,176
