C,mean_accuracy,std_accuracy,mean_f1_macro,std_f1_macro,n_valid_folds,mean_combo
1.0,0.38471867007672633,0.01548205525294201,0.32530664775431317,0.04584092331813112,20,0.32530664775431317
0.1,0.3804987212276215,0.013572257204520793,0.3147902574397882,0.04794707346118097,20,0.3147902574397882
0.01,0.3811167945439045,0.016737209329514266,0.2847790198381469,0.042984692235185105,20,0.2847790198381469
0.001,0.35528559249786873,0.042067848117777244,0.18285596597752102,0.03370606825628507,20,0.18285596597752102
