sector,split,accuracy,baseline_accuracy,balanced_accuracy,f1_macro,f1_weighted,n_samples
Financial Services,train,0.4304910651470381,0.3645701421134093,0.4230384258392624,0.4166632810038032,0.4212798016492483,14214
Financial Services,testing_tscv_oof,0.38422847399829496,0.3703324808184143,0.3694159035489164,0.35430478242885083,0.3624013195443181,11730
Financial Services,testing_tscv_fold_mean,0.38422847399829496,,0.36470758542818726,0.3267906709178319,0.3393681912112348,11730
Financial Services,validation_out_of_sample,0.358695652173913,0.3685770750988142,0.35115417060730986,0.3055473136962983,0.3128624481317187,3036
