C,mean_accuracy,std_accuracy,mean_f1_macro,std_f1_macro,n_valid_folds,mean_combo
1.0,0.37927807486631016,0.0187225072027145,0.330784626690323,0.044864799547626226,20,0.330784626690323
0.1,0.38136363636363635,0.014157202855779791,0.32416689842654334,0.049241820804530094,20,0.32416689842654334
0.01,0.375,0.012448315510604269,0.28191903139495345,0.06061096340610886,20,0.28191903139495345
0.001,0.33243315508021387,0.050476320494782456,0.1743805180655506,0.04379034339972537,20,0.1743805180655506
