sector,split,accuracy,baseline_accuracy,balanced_accuracy,f1_macro,f1_weighted,n_samples
Consumer Cyclical,train,0.43106796116504853,0.3500441306266549,0.4295559005953559,0.42723144241717054,0.42808936889683047,11330
Consumer Cyclical,testing_tscv_oof,0.37871657754010696,0.35454545454545455,0.37348346641411584,0.36276448729357397,0.3653316043424807,9350
Consumer Cyclical,testing_tscv_fold_mean,0.37871657754010696,,0.3671418209332304,0.331043676060239,0.3376894840785879,9350
Consumer Cyclical,validation_out_of_sample,0.36983471074380164,0.35619834710743803,0.37495266025236895,0.3541253716184103,0.3520138607973884,2420
