n_estimators,mean_rmse,std_rmse,mean_mae,std_mae,mean_r2,std_r2,mean_accuracy,std_accuracy,mean_directional_accuracy,std_directional_accuracy,n_valid_folds
400,0.025779605457910693,0.013545925001032279,0.018667412956359593,0.010905023630143382,-0.6907081059912403,1.14766139787286,0.5156463128729752,0.03278702392361314,0.5156463128729752,0.03278702392361314,320
200,0.02580511860415362,0.01358835112439481,0.018689145485282305,0.01094219069257533,-0.6949465651548568,1.1558422598919365,0.5147844735720375,0.03336641136262401,0.5147844735720375,0.03336641136262401,320
