sector,split,rmse,baseline_rmse_mean,mae,baseline_mae_mean,r2,baseline_r2_mean,accuracy,directional_accuracy,n_samples
Financial Services,train,0.016438539050241605,0.02063968976963998,0.01098563909367127,0.013124410836098803,0.36566291097147596,0.0,0.6532292106373997,0.6532292106373997,14214
Financial Services,testing_tscv_oof,0.026931509976919007,0.020486862466942247,0.017575362834249108,0.01326398442492403,-0.7281065001354494,0.0,0.5122762148337596,0.5122762148337596,11730
Financial Services,testing_tscv_fold_mean,0.024436339395894065,0.01967864668741537,0.017575362834249108,0.01334265851778636,-0.5007918174452501,0.0,0.5122762148337596,0.5122762148337596,11730
Financial Services,validation_out_of_sample,0.0168420405132856,0.01675463458534615,0.011484054733835672,0.011562413240902743,-0.010460857027832615,0.0,0.5271317829457365,0.5271317829457365,2967
