C,mean_accuracy,std_accuracy,mean_f1_macro,std_f1_macro,n_valid_folds,mean_combo
1.0,0.38588235294117645,0.03378615514867693,0.3590499577858956,0.028515601799932906,20,0.3590499577858956
0.1,0.38411764705882356,0.046085127853657155,0.3451287747601953,0.05187750725887521,20,0.3451287747601953
0.01,0.3529411764705882,0.04504191778821623,0.1793626565951119,0.030752391516909165,20,0.1793626565951119
0.001,0.3458823529411765,0.04742888550743253,0.17072738225225437,0.017967572914797763,20,0.17072738225225437
