sector,split,accuracy,baseline_accuracy,balanced_accuracy,f1_macro,f1_weighted,n_samples
Financial Services,train,0.4621359223300971,0.36699029126213595,0.45638332255979314,0.45674845317127416,0.4592623798673158,1030
Financial Services,testing_tscv_oof,0.38823529411764707,0.3811764705882353,0.3840631430041152,0.3843459797931328,0.38781179879234245,850
Financial Services,testing_tscv_fold_mean,0.388235294117647,,0.3807945118873876,0.3634346139479245,0.3705853995212065,850
Financial Services,validation_out_of_sample,0.33636363636363636,0.41818181818181815,0.34322250639386187,0.33590742928566536,0.33567800072846815,220
