C,mean_accuracy,std_accuracy,mean_f1_macro,std_f1_macro,n_valid_folds,mean_combo
1.0,0.3180147058823529,0.044940406015959146,0.2620882090590575,0.032538736405645606,20,0.2620882090590575
0.1,0.32830882352941176,0.04328911111094584,0.23252703338978792,0.045867601178886074,20,0.23252703338978792
0.01,0.36507352941176474,0.013552905634520822,0.18277761585124772,0.013868533954407021,20,0.18277761585124772
0.001,0.3661764705882353,0.012979116914089523,0.17864530395619688,0.00459342861464671,20,0.17864530395619688
