sector,split,accuracy,baseline_accuracy,balanced_accuracy,f1_macro,f1_weighted,n_samples
Communication Services,train,0.4308252427184466,0.3713592233009709,0.4206055050746586,0.4156324219828777,0.42180346642964583,824
Communication Services,testing_tscv_oof,0.3205882352941177,0.36617647058823527,0.3135104252793895,0.299079279303797,0.30369899232810077,680
Communication Services,testing_tscv_fold_mean,0.3205882352941176,,0.3171176420374616,0.26425925376805826,0.2678307445899754,680
Communication Services,validation_out_of_sample,0.3977272727272727,0.48295454545454547,0.3902624492737134,0.3734608378870674,0.39928123447590663,176
