n_estimators,mean_rmse,std_rmse,mean_mae,std_mae,mean_r2,std_r2,mean_directional_accuracy,std_directional_accuracy,n_valid_folds
400,0.01667719980317236,0.004940879294104614,0.012417671628399502,0.004034754995840516,-0.19339747268652183,0.4690693405800691,0.51328125,0.04911323337741616,320
200,0.016681764216678902,0.0049327477540661285,0.012417692522184593,0.004028849106896751,-0.19420211402158893,0.46821800662353774,0.5137867647058824,0.04912533162212063,320
