sector,split,rmse,baseline_rmse_mean,mae,baseline_mae_mean,r2,baseline_r2_mean,directional_accuracy,n_samples
Utilities,train,0.013282561819943757,0.015283522308395766,0.00946166734748131,0.011026192891148517,0.2447047014784388,0.0,0.7657766990291263,824
Utilities,testing_tscv_oof,0.015737336429245744,0.015507844803492666,0.01133701014969444,0.01115467422694472,-0.02981583651373576,0.0,0.5044117647058823,680
Utilities,testing_tscv_fold_mean,0.01549964715135776,0.01528775883628807,0.01133701014969444,0.011167936447952801,-0.02492652875567649,0.0,0.5044117647058823,680
Utilities,validation_out_of_sample,0.012161174419921528,0.012273840403808455,0.00954034876610178,0.009341646623272762,0.018274456805148942,0.0,0.5348837209302325,172
