C,mean_accuracy,std_accuracy,mean_f1_macro,std_f1_macro,n_valid_folds,mean_combo
1.0,0.3264705882352941,0.03744722505067137,0.2931218817420791,0.0570411544870134,20,0.2931218817420791
0.1,0.32573529411764707,0.047896710560695686,0.2833475313993948,0.06745872751407997,20,0.2833475313993948
0.01,0.32242647058823526,0.04387672867534317,0.16860411666427558,0.03189368658553181,20,0.16860411666427558
0.001,0.30514705882352944,0.04016759417648497,0.15541148142517303,0.01563433236145681,20,0.15541148142517303
