sector,split,accuracy,baseline_accuracy,balanced_accuracy,f1_macro,f1_weighted,n_samples
Consumer Defensive,train,0.4672330097087379,0.33737864077669905,0.46743296646495597,0.4673425164104444,0.4671677398198375,824
Consumer Defensive,testing_tscv_oof,0.33088235294117646,0.3397058823529412,0.33102582018603455,0.33041450140580475,0.3302653004562563,680
Consumer Defensive,testing_tscv_fold_mean,0.33088235294117646,,0.32550812999901146,0.2993636611406918,0.30707236090283974,680
Consumer Defensive,validation_out_of_sample,0.36363636363636365,0.3977272727272727,0.3500179018976011,0.34850749184395086,0.3585495163644888,176
