n_estimators,mean_rmse,std_rmse,mean_mae,std_mae,mean_r2,std_r2,mean_directional_accuracy,std_directional_accuracy,n_valid_folds
400,0.017719347640935336,0.005141271024683093,0.013082573644351447,0.0035353227591862547,-0.1389639881552705,0.14249112175366982,0.49676011029411765,0.03344771096305451,320
200,0.017720882374729886,0.005135877176061432,0.013084282480084123,0.0035297855202721857,-0.13988981136902856,0.14483210730080226,0.495358455882353,0.03381462769399767,320
