sector,split,rmse,baseline_rmse_mean,mae,baseline_mae_mean,r2,baseline_r2_mean,directional_accuracy,n_samples
Real Estate,train,0.015237631994345314,0.017260939325102097,0.010734546299664941,0.012241636981105242,0.22069742822947647,0.0,0.7330097087378641,824
Real Estate,testing_tscv_oof,0.017396313792002117,0.01719850575221142,0.012360278786800967,0.012169908483014552,-0.023135216970618266,0.0,0.5029411764705882,680
Real Estate,testing_tscv_fold_mean,0.016861796584823827,0.016600184492920004,0.012360278786800967,0.012134842715590694,-0.03958660205504425,0.0,0.5029411764705882,680
Real Estate,validation_out_of_sample,0.014552355702282178,0.014067183517397365,0.009963943730082428,0.009764043290485356,-0.07016882843906269,0.0,0.47093023255813954,172
