n_estimators,mean_rmse,std_rmse,mean_mae,std_mae,mean_r2,std_r2,mean_accuracy,std_accuracy,mean_directional_accuracy,std_directional_accuracy,n_valid_folds
400,0.020012869623538022,0.003976352384326895,0.014237346657740521,0.003905616638411713,-0.2696289034569596,0.5006751197396696,0.49762271462639107,0.027406536624558237,0.49762271462639107,0.027406536624558237,320
200,0.020028218131177607,0.004002956484016295,0.014252044418091473,0.003932209305530351,-0.272276905896894,0.5065023993299196,0.4974438593004769,0.02792630073253233,0.4974438593004769,0.02792630073253233,320
