sector,split,rmse,baseline_rmse_mean,mae,baseline_mae_mean,r2,baseline_r2_mean,accuracy,directional_accuracy,n_samples
Consumer Defensive,train,0.016562688494119418,0.017932256164138023,0.011018132441728725,0.012125992353368089,0.1469159946329327,0.0,0.6762004723169772,0.6762004723169772,7622
Consumer Defensive,testing_tscv_oof,0.01914364966175125,0.018082828520986444,0.013245962254931996,0.012380910086546256,-0.12077064615355848,0.0,0.48680445151033386,0.48680445151033386,6290
Consumer Defensive,testing_tscv_fold_mean,0.019013799660152646,0.018010414654389684,0.013245962254931996,0.012370888588447641,-0.11995019721975653,0.0,0.4868044515103338,0.4868044515103338,6290
Consumer Defensive,validation_out_of_sample,0.016718757603913836,0.01672384830991741,0.01172900215316764,0.011726259145777091,0.000608703344933903,0.0,0.5084852294154619,0.5084852294154619,1591
