C,mean_accuracy,std_accuracy,mean_f1_macro,std_f1_macro,n_valid_folds,mean_combo
0.1,0.36789215686274507,0.037246583993473886,0.31346906002154057,0.03559322093587099,20,0.31346906002154057
1.0,0.35024509803921566,0.03775246868916667,0.3045208193976306,0.017969085767723582,20,0.3045208193976306
0.01,0.33284313725490194,0.05716398269064352,0.1851706032671437,0.05151561260484816,20,0.1851706032671437
0.001,0.3284313725490196,0.061842056827981974,0.16379099125024105,0.02332635229081891,20,0.16379099125024105
