sector,split,accuracy,baseline_accuracy,balanced_accuracy,f1_macro,f1_weighted,n_samples
Technology,train,0.4482200647249191,0.3616504854368932,0.4450561425577823,0.4426237521936418,0.44457138466516144,1236
Technology,testing_tscv_oof,0.3686274509803922,0.37058823529411766,0.36038056405028884,0.3552236097343177,0.3596371654131052,1020
Technology,testing_tscv_fold_mean,0.3686274509803921,,0.3616636354680699,0.31773004941357275,0.3208578778610326,1020
Technology,validation_out_of_sample,0.38257575757575757,0.3787878787878788,0.3708289898237776,0.3561644489446643,0.3648215145223522,264
