C,mean_accuracy,std_accuracy,mean_f1_macro,std_f1_macro
10.0,0.3751764705882353,0.020272366860618115,0.33252931467716385,0.04176348433362146
31.622776601683793,0.37341176470588233,0.022999172544164788,0.3317916504644025,0.042136579421531636
3.1622776601683795,0.3775294117647059,0.021018199396769275,0.3314105700589912,0.04780626814870721
1.0,0.3749411764705882,0.01872030520556808,0.3258300844145935,0.04702928353563073
0.31622776601683794,0.37082352941176466,0.020256145207939263,0.31615906120242904,0.051597930633102605
0.1,0.37482352941176467,0.021893102988784142,0.31128109334949583,0.058445665496834415
0.03162277660168379,0.37858823529411767,0.021199334062792705,0.3017559570127822,0.05083865589208181
0.01,0.3890588235294118,0.020824692556414955,0.286411424211808,0.04254364799989846
