split,accuracy,balanced_accuracy,f1_macro,f1_weighted,n_samples
train,0.42728155339805823,0.4224476602524833,0.412972469754936,0.41608043686398966,10300
validation_out_of_sample,0.4040909090909091,0.3829719062463799,0.34225504297937115,0.35653446243254616,2200
testing_tscv_oof,0.3751764705882353,0.3689449402056861,0.3626791138657401,0.3665904414246277,8500
testing_tscv_fold_mean,0.3751764705882352,0.36590879374039065,0.3325293146771639,0.33850724417339106,8500
