sector,split,accuracy,balanced_accuracy,f1_macro,f1_weighted,n_samples
Consumer Cyclical,train,0.44093851132686085,0.44022437830487365,0.437514231263148,0.43791188159374195,1236
Consumer Cyclical,testing_tscv_oof,0.3656862745098039,0.3628578932258022,0.34652650494159926,0.348830273241372,1020
Consumer Cyclical,testing_tscv_fold_mean,0.36568627450980395,0.35278787957190133,0.31300845584774517,0.322034732888708,1020
Consumer Cyclical,validation_out_of_sample,0.3712121212121212,0.3660660660660661,0.359058148279277,0.3637487548686809,264
