sector,split,accuracy,balanced_accuracy,f1_macro,f1_weighted,n_samples
Financial Services,train,0.4269734065006332,0.4196634622491899,0.41289191858707247,0.41773964255207713,14214
Financial Services,testing_tscv_oof,0.38567774936061383,0.37368363524173726,0.36435019791983,0.3712160533272907,11730
Financial Services,testing_tscv_fold_mean,0.38567774936061383,0.3689698988797788,0.33188246758966883,0.3431765987715599,11730
Financial Services,validation_out_of_sample,0.3554018445322793,0.34777369883696124,0.3021568331265703,0.30976915816028755,3036
