n_estimators,mean_rmse,std_rmse,mean_mae,std_mae,mean_r2,std_r2,mean_directional_accuracy,std_directional_accuracy,n_valid_folds
400,0.025958302950937685,0.006501930968489794,0.017789270498618788,0.0038051609216270097,-0.14537178865694514,0.15535221870695481,0.500015318627451,0.06218921837244007,320
200,0.02596207012989597,0.006522223066140501,0.01780414942480783,0.0038390966102368144,-0.14525213558609967,0.1547418628118675,0.49944852941176465,0.062448462816436796,320
