sector,split,rmse,baseline_rmse_mean,mae,baseline_mae_mean,r2,baseline_r2_mean,directional_accuracy,n_samples
Technology,train,0.02163055232749906,0.024948971966229166,0.01452831567803424,0.01621408901004806,0.24832534283768515,0.0,0.6262135922330098,1236
Technology,testing_tscv_oof,0.026410812986959634,0.025612762545476644,0.017448882666991506,0.016720040936705097,-0.06328746399677598,0.0,0.5068627450980392,1020
Technology,testing_tscv_fold_mean,0.025606179567786908,0.024404524446885137,0.017448882666991506,0.016655629123560382,-0.1110703865048219,0.0,0.5068627450980392,1020
Technology,validation_out_of_sample,0.024952987135551153,0.024960578224468143,0.014927451376925239,0.014935687371752705,0.0006081537483555444,0.0,0.5503875968992248,258
