C,mean_accuracy,std_accuracy,mean_f1_macro,std_f1_macro,n_valid_folds
0.1,0.37573529411764706,0.04412393117637677,0.2985488433252909,0.05428012248843774,40
0.05,0.3708823529411765,0.05540520275102168,0.282791018424848,0.060849332512707056,40
0.01,0.3448529411764706,0.08116671526405014,0.19426780932111423,0.0614220999493571,40
0.001,0.3135294117647059,0.08439821786283466,0.1570543719627394,0.033153943888665195,40
