sector,split,accuracy,baseline_accuracy,balanced_accuracy,f1_macro,f1_weighted,n_samples
Consumer Cyclical,train,0.4553398058252427,0.37087378640776697,0.44401878056820254,0.44007130215392576,0.4472954050710272,1030
Consumer Cyclical,testing_tscv_oof,0.38588235294117645,0.3764705882352941,0.36984856292224894,0.35616679008452407,0.3669930051286365,850
Consumer Cyclical,testing_tscv_fold_mean,0.3858823529411765,,0.36429427550198196,0.31720333225551667,0.3316470328338599,850
Consumer Cyclical,validation_out_of_sample,0.42727272727272725,0.3409090909090909,0.4277752409944191,0.42494153745326724,0.42465858820566366,220
