sector,split,accuracy,balanced_accuracy,f1_macro,f1_weighted,n_samples
Utilities,train,0.42358283745693703,0.4143934834493921,0.4010519590361396,0.4072552242471593,6386
Utilities,testing_tscv_oof,0.3548387096774194,0.3468220324684421,0.3406432135087607,0.3468433970418957,5270
Utilities,testing_tscv_fold_mean,0.3548387096774194,0.33802727936534493,0.2984395187917345,0.3102349099069814,5270
Utilities,validation_out_of_sample,0.4046920821114369,0.37974459039576725,0.3446441796624092,0.35674662374557586,1364
