n_estimators,mean_rmse,std_rmse,mean_mae,std_mae,mean_r2,std_r2,mean_accuracy,std_accuracy,mean_directional_accuracy,std_directional_accuracy,n_valid_folds
200,0.024701339726014553,0.008542859031875565,0.016992974574002916,0.006536014768700637,-0.3302171601913527,0.4137491218030203,0.519967830882353,0.04161227973523294,0.519967830882353,0.04161227973523294,320
400,0.02473788697593761,0.008550840822756265,0.017029656412559515,0.006557403418755454,-0.33537699144922484,0.4183207625513035,0.5205652573529412,0.04175270255255854,0.5205652573529412,0.04175270255255854,320
