sector,split,rmse,baseline_rmse_mean,mae,baseline_mae_mean,r2,baseline_r2_mean,accuracy,directional_accuracy,n_samples
Industrials,train,0.01877895125488163,0.021383262137949215,0.012445434408532269,0.013795920894682592,0.22875075972527925,0.0,0.6310679611650486,0.6310679611650486,14832
Industrials,testing_tscv_oof,0.024634975568069956,0.021895182250106237,0.015974145644174955,0.014092888114160929,-0.2659225695942109,0.0,0.5125,0.5125,12240
Industrials,testing_tscv_fold_mean,0.023591880359261984,0.021208697788950077,0.015974145644174955,0.01414690205418131,-0.20993080932839975,0.0,0.5125,0.5125,12240
Industrials,validation_out_of_sample,0.01808383608663751,0.017871401524657972,0.012400716229123922,0.012263483768573061,-0.02391498505966516,0.0,0.500968992248062,0.500968992248062,3096
