C,mean_accuracy,std_accuracy,mean_f1_macro,std_f1_macro,n_valid_folds,mean_combo
0.1,0.3235768500948767,0.03276731144044453,0.2720711212482211,0.019806618852555698,20,0.2720711212482211
1.0,0.3195445920303605,0.030634871080111495,0.27044713683162164,0.030726984839406713,20,0.27044713683162164
0.01,0.3375711574952562,0.035475031089660145,0.2447379598205886,0.051875884215551026,20,0.2447379598205886
0.001,0.3417457305502846,0.021821848986540406,0.1696771703401161,0.008049503687903888,20,0.1696771703401161
