sector,split,accuracy,baseline_accuracy,balanced_accuracy,f1_macro,f1_weighted,n_samples
Real Estate,train,0.4062010648293141,0.3457563419981209,0.404459508596956,0.39664440561457753,0.3978215202107685,6386
Real Estate,testing_tscv_oof,0.3335863377609108,0.3521821631878558,0.32996884521378367,0.32424267846019816,0.3266847089219966,5270
Real Estate,testing_tscv_fold_mean,0.33358633776091084,,0.3319017417897989,0.2828083183527933,0.28586654749302165,5270
Real Estate,validation_out_of_sample,0.3489736070381232,0.36070381231671556,0.3412806389727183,0.2888211003257592,0.2909206374847446,1364
