C,mean_accuracy,std_accuracy,mean_f1_macro,std_f1_macro,n_valid_folds
1.0,0.36764705882352944,0.04849597778776806,0.33132377911287925,0.039313338580895425,5
3.1622776601683795,0.37058823529411766,0.04838436434224147,0.3230382252047583,0.05412002521612899,5
0.1,0.3926470588235294,0.023598244905707652,0.3228118333498751,0.08009583208212039,5
0.31622776601683794,0.37058823529411766,0.040474585130949654,0.3165493536314189,0.08042153878513239,5
31.622776601683793,0.37058823529411766,0.0252581824078201,0.3152197733709614,0.037053708713076956,5
10.0,0.3558823529411765,0.03393523752710096,0.3103789136332699,0.035248059228768745,5
0.03162277660168379,0.3529411764705882,0.05695563744422671,0.21176968765406615,0.06244447122666588,5
0.01,0.3220588235294118,0.04997836902343067,0.1618341727472421,0.018807789691671503,5
