sector,split,accuracy,balanced_accuracy,f1_macro,f1_weighted,n_samples
Industrials,train,0.44538834951456313,0.44157470528599324,0.4354564962447289,0.43805809254079103,824
Industrials,testing_tscv_oof,0.36764705882352944,0.35959310918287574,0.35011738161836464,0.35481449799965686,680
Industrials,testing_tscv_fold_mean,0.36764705882352944,0.35624782787454257,0.33132377911287925,0.33732597482917404,680
Industrials,validation_out_of_sample,0.38636363636363635,0.37748397435897435,0.36140165815382336,0.3685587133829972,176
