n_estimators,mean_rmse,std_rmse,mean_mae,std_mae,mean_r2,std_r2,mean_accuracy,std_accuracy,mean_directional_accuracy,std_directional_accuracy,n_valid_folds
200,0.02888281261247508,0.0093934260689034,0.01901950427143237,0.008040919717915368,-0.3044870622116419,0.5579341081413979,0.5136470588235295,0.03295847916275377,0.5136470588235295,0.03295847916275377,320
400,0.02888423393422857,0.009399884350178177,0.019018430050951204,0.008044972465570538,-0.3043530489277499,0.5577310451112482,0.5144080882352942,0.03290318776265482,0.5144080882352942,0.03290318776265482,320
