sector,split,rmse,baseline_rmse_mean,mae,baseline_mae_mean,r2,baseline_r2_mean,accuracy,directional_accuracy,n_samples
Communication Services,train,0.02380167090827738,0.026380683888664113,0.014402038851979285,0.015783987427673517,0.18596553537899485,0.0,0.6427184466019418,0.6427184466019418,5150
Communication Services,testing_tscv_oof,0.028398870760272737,0.025994408971295672,0.01776377269108144,0.015779541026313744,-0.1935544813781731,0.0,0.5068235294117647,0.5068235294117647,4250
Communication Services,testing_tscv_fold_mean,0.027523412088741116,0.02535547890023692,0.017763772691081436,0.015814982455656938,-0.17059827626520224,0.0,0.5068235294117647,0.5068235294117647,4250
Communication Services,validation_out_of_sample,0.023531555155805465,0.023538106722891413,0.014329660149513663,0.014384137948066892,0.0005566000176298047,0.0,0.5190697674418605,0.5190697674418605,1075
