n_estimators,mean_rmse,std_rmse,mean_mae,std_mae,mean_r2,std_r2,mean_directional_accuracy,std_directional_accuracy,n_valid_folds
400,0.020879768421305078,0.0041547235679938775,0.0143754127486413,0.0027903967091193822,-0.12803152384083566,0.23048806902203506,0.5106617647058823,0.03864849287708961,320
200,0.020881389617669596,0.0041568537191801255,0.014374280905538961,0.0027934817091800845,-0.1281338938803877,0.23047851354724327,0.5099034926470588,0.03851076157180508,320
