sector,split,rmse,baseline_rmse_mean,mae,baseline_mae_mean,r2,baseline_r2_mean,directional_accuracy,n_samples
Communication Services,train,0.018283924363339085,0.019765079792805697,0.012378066119108683,0.013367857367554876,0.14426028491894916,0.0,0.6662621359223301,824
Communication Services,testing_tscv_oof,0.020314225885091193,0.020013461627995718,0.013608537346117434,0.013367993360708319,-0.030282039164580166,0.0,0.5264705882352941,680
Communication Services,testing_tscv_fold_mean,0.020029527489522712,0.019678938889612266,0.013608537346117434,0.013414893343066428,-0.033721932392336895,0.0,0.5264705882352941,680
Communication Services,validation_out_of_sample,0.019598318552692947,0.019512680310890478,0.011566443517297161,0.011456350741307686,-0.008796963530003143,0.0,0.5,172
