C,mean_accuracy,std_accuracy,mean_f1_macro,std_f1_macro,n_valid_folds
10.0,0.37176470588235294,0.01979566902407511,0.3274193320563358,0.04146452095920616,5
31.622776601683793,0.3682352941176471,0.026174818189749406,0.3229884910626808,0.03801997140068226,5
3.1622776601683795,0.3694117647058824,0.022263753962088913,0.32099055286730566,0.039920929720530615,5
1.0,0.36411764705882355,0.023474199928511658,0.31167409882505204,0.04530771618404907,5
0.31622776601683794,0.3564705882352941,0.01899280504819167,0.3038418913513705,0.020031485674433625,5
0.1,0.3635294117647059,0.03158171693069675,0.29816133801464806,0.029295299113831354,5
0.03162277660168379,0.37588235294117645,0.01793876550820812,0.2821030650139987,0.06633768253846682,5
0.01,0.33352941176470585,0.02930864274906614,0.1665431664232336,0.011206763120310437,5
