C,mean_accuracy,std_accuracy,mean_f1_macro,std_f1_macro,n_valid_folds
0.1,0.35404411764705884,0.04778468986954389,0.29046922311798806,0.04034746193480847,40
0.05,0.35275735294117644,0.04844556894205885,0.2721478073215373,0.04882930812919053,40
0.01,0.36213235294117646,0.051719126289340285,0.19150362850654154,0.04365341777824608,40
0.001,0.34044117647058825,0.06598136144819505,0.16814653263881896,0.024439522323452503,40
