sector,split,accuracy,baseline_accuracy,balanced_accuracy,f1_macro,f1_weighted,n_samples
Energy,train,0.4866504854368932,0.3725728155339806,0.49020610443217955,0.4853825938065413,0.4840647051893024,824
Energy,testing_tscv_oof,0.3588235294117647,0.3926470588235294,0.35124144464809054,0.3515101683232773,0.35728971001583565,680
Energy,testing_tscv_fold_mean,0.35882352941176465,,0.33738996739681515,0.3048443749452018,0.32266576294929133,680
Energy,validation_out_of_sample,0.36363636363636365,0.3806818181818182,0.3417168395311578,0.3268065494167633,0.34049990600821917,176
