n_estimators,mean_rmse,std_rmse,mean_mae,std_mae,mean_r2,std_r2,mean_accuracy,std_accuracy,mean_directional_accuracy,std_directional_accuracy,n_valid_folds
400,0.020061979569596534,0.006640712787646405,0.015079127163364939,0.005507256678763701,-0.45417734056252035,0.5591671605692038,0.5061818074003794,0.04289932150376695,0.5061818074003794,0.04289932150376695,320
200,0.020066120008454317,0.006651429720372871,0.015085553348858773,0.005516890897058904,-0.45447752211011744,0.5596815912147327,0.5071157495256167,0.042679524438714866,0.5071157495256167,0.042679524438714866,320
