sector,split,rmse,baseline_rmse_mean,mae,baseline_mae_mean,r2,baseline_r2_mean,accuracy,directional_accuracy,n_samples
Real Estate,train,0.014121304104457319,0.016724833442011543,0.010093438444909997,0.011920293339711367,0.2871042780122257,0.0,0.6957406827435014,0.6957406827435014,6386
Real Estate,testing_tscv_oof,0.019062545257026674,0.017034317083750087,0.013760725398801965,0.012080482765986406,-0.2523113631927507,0.0,0.506831119544592,0.506831119544592,5270
Real Estate,testing_tscv_fold_mean,0.018576018550099656,0.016699592551163704,0.013760725398801965,0.012089810991543186,-0.24300321458815005,0.0,0.506831119544592,0.506831119544592,5270
Real Estate,validation_out_of_sample,0.014218279855457908,0.014269912723028258,0.009923375247936683,0.009967201373609205,0.00722351382123998,0.0,0.5251312828207052,0.5251312828207052,1333
