n_estimators,mean_rmse,std_rmse,mean_mae,std_mae,mean_r2,std_r2,mean_directional_accuracy,std_directional_accuracy,n_valid_folds
200,0.021093361840060994,0.006480806337521183,0.014974315352404488,0.004863784510475688,-0.3118869415333971,0.5278578756117771,0.505625,0.03958131956135703,320
400,0.02114096156114428,0.006555545890064693,0.015016639478229505,0.004936473522615752,-0.3187154145399117,0.5442989566473213,0.505220588235294,0.03919102273172822,320
