sector,split,rmse,baseline_rmse_mean,mae,baseline_mae_mean,r2,baseline_r2_mean,directional_accuracy,n_samples
Financial Services,train,0.015767749529120547,0.018346628347280132,0.010833527141308315,0.012494363544791394,0.2613700758691321,0.0,0.7174757281553398,1030
Financial Services,testing_tscv_oof,0.01999662473019688,0.01890680498595969,0.013550174962444601,0.012797691752371504,-0.11860589434276814,0.0,0.5141176470588236,850
Financial Services,testing_tscv_fold_mean,0.01951423034046708,0.018415591011571357,0.013550174962444603,0.012776485123257414,-0.11216714235680403,0.0,0.5141176470588235,850
Financial Services,validation_out_of_sample,0.015902225523401318,0.015861245665797663,0.011076993327606376,0.011192654185358059,-0.005173968956599717,0.0,0.5767441860465117,215
