n_estimators,mean_rmse,std_rmse,mean_mae,std_mae,mean_r2,std_r2,mean_directional_accuracy,std_directional_accuracy,n_valid_folds
400,0.027701217010978857,0.008590748563117962,0.01980365582766556,0.005225203131331311,-0.18874380097314863,0.16360873406700643,0.5239889705882353,0.053629781982845535,320
200,0.02775522867562951,0.00860073975817316,0.0198445324154596,0.005230659051775975,-0.1935627864056448,0.16545744941337845,0.5227481617647058,0.05295434453068031,320
