sector,split,rmse,baseline_rmse_mean,mae,baseline_mae_mean,r2,baseline_r2_mean,directional_accuracy,n_samples
Energy,train,0.023101936073820224,0.026631074900008565,0.015929502913855236,0.017943926183357838,0.24747771866840995,0.0,0.7002427184466019,824
Energy,testing_tscv_oof,0.027484987483927407,0.02653441115643779,0.018689029636613324,0.017975475380596836,-0.07293195095054394,0.0,0.5411764705882353,680
Energy,testing_tscv_fold_mean,0.02630988708560843,0.025242528465869173,0.018689029636613327,0.017958215647552803,-0.07039622806048325,0.0,0.5411764705882354,680
Energy,validation_out_of_sample,0.018058811370413878,0.018010306928539842,0.013684515787973911,0.01363614815196658,-0.005393551249704975,0.0,0.5116279069767442,172
