n_estimators,mean_rmse,std_rmse,mean_mae,std_mae,mean_r2,std_r2,mean_accuracy,std_accuracy,mean_directional_accuracy,std_directional_accuracy,n_valid_folds
200,0.028294417802843787,0.012791671204738465,0.02079990221867887,0.01009568871439443,-0.46086380271647814,0.7575203837354073,0.5046415441176471,0.04193631269724078,0.5046415441176471,0.04193631269724078,320
400,0.028297825039206727,0.012752940083609566,0.02080188813085336,0.010063506917631285,-0.4604248041722697,0.7497417831895654,0.5034341577540107,0.04154508482261994,0.5034341577540107,0.04154508482261994,320
