sector,split,rmse,baseline_rmse_mean,mae,baseline_mae_mean,r2,baseline_r2_mean,accuracy,directional_accuracy,n_samples
Energy,train,0.02015256476648538,0.023543115348233522,0.01436649384938817,0.01578547499495231,0.26728886715999955,0.0,0.618270079435128,0.618270079435128,4532
Energy,testing_tscv_oof,0.027376255723787334,0.02408370584220518,0.018699250468349995,0.016089196383853477,-0.29211589731823095,0.0,0.5122994652406417,0.5122994652406417,3740
Energy,testing_tscv_fold_mean,0.025894849703047212,0.023165255779717266,0.018699250468349995,0.016210417954480777,-0.21721242075004077,0.0,0.5122994652406418,0.5122994652406418,3740
Energy,validation_out_of_sample,0.018656143775241073,0.01869824849217234,0.013608795491366748,0.013654433849656714,0.004498529500983284,0.0,0.5116279069767442,0.5116279069767442,946
