sector,split,accuracy,balanced_accuracy,f1_macro,f1_weighted,n_samples
Financial Services,train,0.4305825242718447,0.4282743758021405,0.425639875684668,0.42699531444756383,2060
Financial Services,testing_tscv_oof,0.37176470588235294,0.371398813299814,0.37079732727546827,0.37155138089100426,1700
Financial Services,testing_tscv_fold_mean,0.37176470588235294,0.3720247796096138,0.3274193320563357,0.3271769472508349,1700
Financial Services,validation_out_of_sample,0.3568181818181818,0.32059390901496165,0.2794025578722424,0.30170686656256057,440
