C,mean_accuracy,std_accuracy,mean_f1_macro,std_f1_macro,n_valid_folds,mean_combo
1.0,0.3286764705882353,0.04795608421750674,0.29905094130377674,0.04828985244147433,20,0.29905094130377674
0.1,0.31948529411764703,0.0608435567599289,0.28290285153565636,0.048269061790052165,20,0.28290285153565636
0.01,0.33125,0.03699425243422281,0.1701184212085577,0.017670780673007917,20,0.1701184212085577
0.001,0.3205882352941177,0.03326192801139934,0.16154530034082865,0.012364645762212911,20,0.16154530034082865
