sector,split,accuracy,baseline_accuracy,balanced_accuracy,f1_macro,f1_weighted,n_samples
Real Estate,train,0.42475728155339804,0.3483009708737864,0.42318686103065245,0.4208302419989423,0.4218937053074473,824
Real Estate,testing_tscv_oof,0.33088235294117646,0.34411764705882353,0.3296276505578832,0.3272736488144956,0.3281905680500304,680
Real Estate,testing_tscv_fold_mean,0.33088235294117646,,0.3631551328414348,0.3046988459099572,0.2874415578963941,680
Real Estate,validation_out_of_sample,0.3068181818181818,0.3977272727272727,0.31686507936507935,0.3068704359353254,0.30973964151346556,176
