C,mean_accuracy,std_accuracy,mean_f1_macro,std_f1_macro,n_valid_folds
0.1,0.36838235294117644,0.03906693129125678,0.30908907576428907,0.048624753964057216,40
0.05,0.3752450980392157,0.038549360494445344,0.3052777571295591,0.04802471629934591,40
0.01,0.3474264705882353,0.05684396956889388,0.20865012811390274,0.06534849076094316,40
0.001,0.3247549019607843,0.049204653247449145,0.16274620657458777,0.018883216292859918,40
