sector,split,accuracy,baseline_accuracy,balanced_accuracy,f1_macro,f1_weighted,n_samples
Technology,train,0.43042071197411,0.3616504854368932,0.4262048052323503,0.42404102179447484,0.4265879749463076,1236
Technology,testing_tscv_oof,0.3803921568627451,0.37058823529411766,0.3745772858922705,0.3682810347141389,0.3720230018400507,1020
Technology,testing_tscv_fold_mean,0.3803921568627451,,0.3726467917572605,0.32349000784058773,0.3269311856834897,1020
Technology,validation_out_of_sample,0.38636363636363635,0.3787878787878788,0.3788682055100521,0.3601619589098204,0.36791067280676437,264
