C,mean_accuracy,std_accuracy,mean_f1_macro,std_f1_macro,n_valid_folds,mean_combo
1.0,0.36588235294117644,0.04594660897148858,0.3146736952539738,0.06162780380570512,20,0.3146736952539738
0.1,0.36941176470588233,0.03781502776536443,0.2896197667441702,0.056593637541503566,20,0.2896197667441702
0.01,0.36323529411764705,0.07863975156570492,0.19338294508740267,0.053919861906537005,20,0.19338294508740267
0.001,0.37676470588235295,0.051262516183569945,0.18177127373178936,0.018931450895215876,20,0.18177127373178936
