sector,split,accuracy,baseline_accuracy,balanced_accuracy,f1_macro,f1_weighted,n_samples
Consumer Cyclical,train,0.46601941747572817,0.37087378640776697,0.45500678503243597,0.4520022491199069,0.45855228433095885,1030
Consumer Cyclical,testing_tscv_oof,0.3658823529411765,0.3764705882352941,0.3520869117141876,0.34632480657700077,0.355534487559427,850
Consumer Cyclical,testing_tscv_fold_mean,0.3658823529411765,,0.351473054500309,0.3160299134277558,0.3284263967081319,850
Consumer Cyclical,validation_out_of_sample,0.41818181818181815,0.3409090909090909,0.4185692541856925,0.41042780748663105,0.41019992707826936,220
