split,accuracy,balanced_accuracy,f1_macro,f1_weighted,n_samples
train,0.41359223300970877,0.41207853736672734,0.4100882185566565,0.41092415931591864,2060
validation_out_of_sample,0.35,0.34138084159391463,0.3255704038312734,0.33203654272824235,440
testing_tscv_oof,0.35,0.3511539563085487,0.3493661032244897,0.34903008064790375,1700
testing_tscv_fold_mean,0.35,0.3462408998184981,0.3231607667038411,0.3275335502478137,1700
