sector,split,accuracy,balanced_accuracy,f1_macro,f1_weighted,n_samples
Consumer Defensive,train,0.42823405930202046,0.427971296178906,0.4280345737685969,0.42811710241931683,7622
Consumer Defensive,testing_tscv_oof,0.3618441971383148,0.36190105607118306,0.35896642121377415,0.3588317962347204,6290
Consumer Defensive,testing_tscv_fold_mean,0.3618441971383147,0.36269360425458863,0.3436662637763222,0.34412774669929946,6290
Consumer Defensive,validation_out_of_sample,0.37223587223587223,0.37132576622192265,0.37070843650979773,0.37197504497756073,1628
