sector,split,accuracy,balanced_accuracy,f1_macro,f1_weighted,n_samples
Communication Services,train,0.529126213592233,0.522223697969372,0.5205089784637007,0.5239948897065723,206
Communication Services,testing_tscv_oof,0.3411764705882353,0.33099561794414734,0.3189266917489914,0.32653274889388845,170
Communication Services,testing_tscv_fold_mean,0.34117647058823525,0.34298107121636534,0.275570483763966,0.2959368664480969,170
Communication Services,validation_out_of_sample,0.4090909090909091,0.3398692810457516,0.2952127659574468,0.35378384912959376,44
