C,mean_accuracy,std_accuracy,mean_f1_macro,std_f1_macro,n_valid_folds
10.0,0.3482352941176471,0.05946706802870643,0.32074107563845733,0.06069651798544416,5
31.622776601683793,0.3435294117647059,0.05205134542500929,0.3187032360700394,0.0528534658090095,5
3.1622776601683795,0.3576470588235294,0.060904372261387216,0.3096518228231643,0.04659365851172662,5
0.31622776601683794,0.3682352941176471,0.0533643220237258,0.2970536050618798,0.0575677761020542,5
1.0,0.34941176470588237,0.059496154392895455,0.2857397734439947,0.057320027559907526,5
0.1,0.34941176470588237,0.06478604659886289,0.27073248995816324,0.044591430113565124,5
0.03162277660168379,0.3317647058823529,0.042540434662975406,0.2032434139717345,0.056322394802365464,5
0.01,0.32705882352941174,0.046055480308384425,0.16379783930041042,0.018183519809651192,5
