n_estimators,mean_rmse,std_rmse,mean_mae,std_mae,mean_r2,std_r2,mean_accuracy,std_accuracy,mean_directional_accuracy,std_directional_accuracy,n_valid_folds
200,0.026637782211414978,0.008276494799540185,0.018448044370343912,0.006108997960886343,-0.27901735981356107,0.39741798908214226,0.5082068850267379,0.032932519440814094,0.5082068850267379,0.032932519440814094,320
400,0.026656931709961397,0.008313207081421374,0.018474394300651634,0.006163510264769744,-0.2808465328016357,0.4012139268735532,0.5077489973262032,0.0332270312356237,0.5077489973262032,0.0332270312356237,320
