sector,split,rmse,baseline_rmse_mean,mae,baseline_mae_mean,r2,baseline_r2_mean,accuracy,directional_accuracy,n_samples
Consumer Cyclical,train,0.020480197460668405,0.023343675298834726,0.013841597558832006,0.015433380885824983,0.23028524516846527,0.0,0.613945278022948,0.613945278022948,11330
Consumer Cyclical,testing_tscv_oof,0.026379083726520945,0.023863612200364114,0.017570412612987845,0.01576794111348538,-0.22193202445635407,0.0,0.516042780748663,0.516042780748663,9350
Consumer Cyclical,testing_tscv_fold_mean,0.025587240330854633,0.02335120966421337,0.017570412612987845,0.015805951569250742,-0.18129631570151888,0.0,0.516042780748663,0.516042780748663,9350
Consumer Cyclical,validation_out_of_sample,0.020423965791067027,0.020076186407763177,0.01371863687557928,0.013414488046369858,-0.034946046415017085,0.0,0.4900634249471459,0.4900634249471459,2365
