C,mean_accuracy,std_accuracy,mean_f1_macro,std_f1_macro,n_valid_folds
10.0,0.38823529411764707,0.07613046532673404,0.3329740526052045,0.07754271018993708,5
0.31622776601683794,0.38235294117647056,0.04650408323777027,0.33066257816257816,0.03651089224001538,5
1.0,0.38235294117647056,0.036021907982105535,0.32591962141900493,0.06294210777623419,5
31.622776601683793,0.37058823529411766,0.06771096725424315,0.3178692919662992,0.08429926285013226,5
3.1622776601683795,0.3705882352941176,0.04460514967089148,0.3157569768744445,0.048987993671275,5
0.1,0.33529411764705885,0.044605149670891464,0.21838026329074922,0.09293091020060817,5
0.01,0.31764705882352945,0.03834824944236853,0.1603678170311133,0.014883395936921135,5
0.03162277660168379,0.31764705882352945,0.03834824944236853,0.1603678170311133,0.014883395936921135,5
