sector,split,accuracy,balanced_accuracy,f1_macro,f1_weighted,n_samples
Consumer Defensive,train,0.5388349514563107,0.538235294117647,0.5378347836059278,0.5383161215069634,206
Consumer Defensive,testing_tscv_oof,0.38823529411764707,0.3903788846317582,0.38687240047534166,0.38641645695711435,170
Consumer Defensive,testing_tscv_fold_mean,0.388235294117647,0.38520516520516523,0.3329740526052046,0.3357701916121336,170
Consumer Defensive,validation_out_of_sample,0.3181818181818182,0.358974358974359,0.2446167097329888,0.21681935635424007,44
