C,mean_accuracy,std_accuracy,mean_f1_macro,std_f1_macro,n_valid_folds
1.0,0.3411764705882353,0.15083389888185983,0.275570483763966,0.1386395796874463,5
31.622776601683793,0.3529411764705882,0.10604562574894087,0.2743760603674238,0.11158642397247681,5
10.0,0.3411764705882353,0.09439297962283066,0.27415203462885074,0.09045590078730412,5
3.1622776601683795,0.3235294117647059,0.1379534047006891,0.26548899109801366,0.13026116987119304,5
0.31622776601683794,0.28823529411764703,0.1006037139793357,0.22965111682687528,0.05117736761387347,5
0.03162277660168379,0.3764705882352941,0.06706914265289045,0.18140770858096086,0.023827107005176065,5
0.1,0.3764705882352941,0.06706914265289045,0.18140770858096086,0.023827107005176065,5
0.01,0.31176470588235294,0.12233314319462013,0.15462646976964686,0.051340192356164424,5
