C,mean_accuracy,std_accuracy,mean_f1_macro,std_f1_macro,n_valid_folds,mean_combo
1.0,0.3737058823529412,0.02708781593917756,0.3223891259627233,0.03254191476985127,20,0.3223891259627233
0.1,0.36917647058823533,0.03204349620818892,0.3076994346097016,0.05218735398761348,20,0.3076994346097016
0.01,0.38182352941176473,0.033184582808136416,0.25034857957808443,0.06996891200634232,20,0.25034857957808443
0.001,0.3649411764705882,0.030767751389845246,0.17801158841241244,0.010909133374450548,20,0.17801158841241244
