sector,split,accuracy,baseline_accuracy,balanced_accuracy,f1_macro,f1_weighted,n_samples
Communication Services,train,0.43650485436893205,0.36854368932038833,0.42644002187145813,0.41856657288464755,0.424433383952703,5150
Communication Services,testing_tscv_oof,0.3771764705882353,0.3649411764705882,0.3700018883654832,0.36729672907351807,0.3721374001300687,4250
Communication Services,testing_tscv_fold_mean,0.3771764705882353,,0.365209953525063,0.3264505204810072,0.3360723211225348,4250
Communication Services,validation_out_of_sample,0.39,0.3663636363636364,0.3758596458452395,0.35468671083700637,0.3626664434530501,1100
