C,mean_accuracy,std_accuracy,mean_f1_macro,std_f1_macro,n_valid_folds
0.1,0.37691176470588234,0.04362240891432927,0.3340737886471985,0.06488959486057305,40
0.05,0.3763235294117647,0.0352309011531168,0.3298229389437397,0.05356867611118026,40
0.01,0.3483823529411765,0.03719104235489411,0.2164610246301565,0.07323577756012636,40
0.001,0.3170588235294117,0.028626004632981008,0.16025824371177308,0.010858805976763992,40
