sector,split,accuracy,baseline_accuracy,balanced_accuracy,f1_macro,f1_weighted,n_samples
Industrials,train,0.4475728155339806,0.34563106796116505,0.4471826340709197,0.4468838196916493,0.447110576263941,1030
Industrials,testing_tscv_oof,0.3788235294117647,0.3517647058823529,0.37545488328097026,0.3723375403588463,0.37385969560441734,850
Industrials,testing_tscv_fold_mean,0.37882352941176467,,0.3712157872559806,0.3469556907556285,0.3504757661899118,850
Industrials,validation_out_of_sample,0.42272727272727273,0.37727272727272726,0.4254187690934679,0.423116973273169,0.42020762992647753,220
