model,train_accuracy,train_f1_macro,test_oof_accuracy,test_oof_f1_macro,val_oos_accuracy,val_oos_f1_macro
pooled_50,0.4272815533980582,0.412972469754936,0.3751764705882353,0.3626791138657401,0.4040909090909091,0.3422550429793711
sector_models_50_weighted,0.458252427184466,0.4533980955712032,0.3657647058823529,0.35851374472510805,0.3759090909090909,0.32587699105044987
