C,mean_accuracy,std_accuracy,mean_f1_macro,std_f1_macro,n_valid_folds,mean_combo
1.0,0.3552066772655008,0.015873705007050834,0.34020874506168286,0.01978564800228263,20,0.34020874506168286
0.1,0.35465023847376786,0.01683159981312439,0.33668306940034276,0.0179893503051056,20,0.33668306940034276
0.01,0.35961844197138315,0.02443343137223708,0.2924678609138568,0.04974924021919913,20,0.2924678609138568
0.001,0.3284578696343402,0.030245847003839796,0.17048644379500305,0.02451582002859452,20,0.17048644379500305
