sector,split,accuracy,baseline_accuracy,balanced_accuracy,f1_macro,f1_weighted,n_samples
Consumer Defensive,train,0.4225924954080294,0.3407242193649961,0.4221935433195317,0.421744697537825,0.421943769405402,7622
Consumer Defensive,testing_tscv_oof,0.3565977742448331,0.3465818759936407,0.3560711924154889,0.35501808576066574,0.3551541617756806,6290
Consumer Defensive,testing_tscv_fold_mean,0.3565977742448331,,0.35735368167145143,0.3414105904360073,0.34163134315457194,6290
Consumer Defensive,validation_out_of_sample,0.3740786240786241,0.3691646191646192,0.37467845186596294,0.37342505252358554,0.37374530884437573,1628
