n_estimators,mean_rmse,std_rmse,mean_mae,std_mae,mean_r2,std_r2,mean_directional_accuracy,std_directional_accuracy,n_valid_folds
400,0.02240610962520819,0.006792362316811946,0.01570126955170644,0.0038912792768780336,-0.09302890723305195,0.08375894810189989,0.5126470588235293,0.046152060528687075,320
200,0.022408071741600012,0.006787848798909924,0.015694436025246866,0.0038824485119200395,-0.09332706439314116,0.0833546634409131,0.513033088235294,0.047247595144440886,320
