sector,split,rmse,baseline_rmse_mean,mae,baseline_mae_mean,r2,baseline_r2_mean,directional_accuracy,n_samples
Consumer Cyclical,train,0.01969361399037019,0.02151144234861943,0.01349937823354616,0.0145338183642147,0.161869238853239,0.0,0.6446601941747573,1030
Consumer Cyclical,testing_tscv_oof,0.022988634561182896,0.022373237899757766,0.015320975312119262,0.014966396537219867,-0.055768431214266334,0.0,0.528235294117647,850
Consumer Cyclical,testing_tscv_fold_mean,0.022020850436267093,0.02128773718641385,0.015320975312119262,0.014962160445508901,-0.05686110710853591,0.0,0.528235294117647,850
Consumer Cyclical,validation_out_of_sample,0.015293328648530821,0.01507850191189035,0.012134477522490979,0.011906476030997658,-0.028697423631720786,0.0,0.5023255813953489,215
