sector,split,accuracy,balanced_accuracy,f1_macro,f1_weighted,n_samples
Consumer Cyclical,train,0.42815533980582526,0.4268707514036854,0.4251342271866186,0.4259169669698918,11330
Consumer Cyclical,testing_tscv_oof,0.38032085561497325,0.37615593387651386,0.36794991415126005,0.3700139370395599,9350
Consumer Cyclical,testing_tscv_fold_mean,0.3803208556149733,0.3690267302105311,0.32922809605291614,0.3355728988173219,9350
Consumer Cyclical,validation_out_of_sample,0.3504132231404959,0.3548090609414705,0.3350891496186102,0.33361919832887266,2420
