C,mean_accuracy,std_accuracy,mean_f1_macro,std_f1_macro,n_valid_folds,mean_combo
1.0,0.3921568627450981,0.028175295495687643,0.33702333622836284,0.04528056684419133,20,0.33702333622836284
0.1,0.39032316630355846,0.027443283107661254,0.3233992966240278,0.050815942901330506,20,0.3233992966240278
0.01,0.39139433551198255,0.03241341449012509,0.3091967292284,0.06076572175870426,20,0.3091967292284
0.001,0.3584241103848947,0.046550191785522936,0.20606923942735073,0.05731178671757919,20,0.20606923942735073
