sector,split,accuracy,baseline_accuracy,balanced_accuracy,f1_macro,f1_weighted,n_samples
Technology,train,0.4461224979024332,0.35173199089056695,0.44186392167979655,0.4381497399138221,0.4406792754282715,16686
Technology,testing_tscv_oof,0.3931009440813362,0.3510530137981118,0.38672040747442543,0.3751211463743573,0.37914097380031975,13770
Technology,testing_tscv_fold_mean,0.39310094408133633,,0.3808570549598051,0.3394437002628735,0.3462211077242013,13770
Technology,validation_out_of_sample,0.4121773288439955,0.3487654320987654,0.4031788003782175,0.3911130330486013,0.39717369741034636,3564
