C,mean_accuracy,std_accuracy,mean_f1_macro,std_f1_macro,n_valid_folds
0.1,0.3523529411764706,0.01815752403761724,0.313676622310877,0.024062634573761472,40
0.05,0.3527941176470588,0.03384368866091977,0.2918415095322415,0.04281306474591212,40
0.01,0.3235294117647059,0.05096878856227592,0.18994455563573548,0.0558352350220466,40
0.001,0.3098529411764706,0.050696287495124386,0.15699638460086682,0.0187579439932027,40
