sector,split,accuracy,baseline_accuracy,balanced_accuracy,f1_macro,f1_weighted,n_samples
Healthcare,train,0.43592233009708736,0.3504854368932039,0.43586858094448955,0.4333453830945697,0.4336880046928648,1030
Healthcare,testing_tscv_oof,0.36,0.3588235294117647,0.3598893680692221,0.35924144316551326,0.35965723553280715,850
Healthcare,testing_tscv_fold_mean,0.36000000000000004,,0.36152865922115673,0.32924284958722,0.3320930670733079,850
Healthcare,validation_out_of_sample,0.4,0.37727272727272726,0.4048564149069396,0.4009965526415884,0.40262532399621564,220
