C,mean_accuracy,std_accuracy,mean_f1_macro,std_f1_macro,n_valid_folds,mean_combo
1.0,0.3459224598930481,0.045190694200054775,0.28124346535404443,0.03498521064623552,20,0.28124346535404443
0.1,0.3432486631016043,0.04252685310130068,0.28052383452489515,0.033055207355335396,20,0.28052383452489515
0.01,0.3503342245989305,0.04209688377998726,0.252131455747273,0.06004339937825087,20,0.252131455747273
0.001,0.35508021390374334,0.03403851041713874,0.17439399165874642,0.012443647344113979,20,0.17439399165874642
