sector,split,accuracy,baseline_accuracy,balanced_accuracy,f1_macro,f1_weighted,n_samples
Energy,train,0.4479258605472198,0.3667255075022065,0.44072844217879137,0.43878906697999237,0.4428712297436598,4532
Energy,testing_tscv_oof,0.3473262032085562,0.38128342245989305,0.3268726093869236,0.3096458358676089,0.32176183775336364,3740
Energy,testing_tscv_fold_mean,0.3473262032085561,,0.3268668923014381,0.28583289941263074,0.2984616621309428,3740
Energy,validation_out_of_sample,0.3822314049586777,0.3605371900826446,0.38332699684411925,0.34091065862983566,0.3429107199046355,968
