n_estimators,mean_rmse,std_rmse,mean_mae,std_mae,mean_r2,std_r2,mean_directional_accuracy,std_directional_accuracy,n_valid_folds
400,0.022177008872601694,0.0039701562796153585,0.015924566039886557,0.0030882103415718867,-0.13547365762244665,0.13740845720076664,0.5144301470588235,0.048825208837190326,320
200,0.022185298351523757,0.003960503134531159,0.015936026853453578,0.0030813886800792455,-0.13658422877827361,0.13815205098774214,0.5126378676470588,0.0499832647837425,320
