sector,split,rmse,baseline_rmse_mean,mae,baseline_mae_mean,r2,baseline_r2_mean,directional_accuracy,n_samples
Basic Materials,train,0.018900784902176376,0.021648933940046383,0.012755733788471791,0.014849558460113547,0.23776892737125954,0.0,0.7099514563106796,824
Basic Materials,testing_tscv_oof,0.021629038614306744,0.021138155480204212,0.015134697035388561,0.014835866948229406,-0.046984508963311855,0.0,0.5176470588235295,680
Basic Materials,testing_tscv_fold_mean,0.021396178460225377,0.020750935284503842,0.015134697035388561,0.014763669913426225,-0.060265998002644185,0.0,0.5176470588235295,680
Basic Materials,validation_out_of_sample,0.019376665723767558,0.01937099429921108,0.014244170590330276,0.014175358693217791,-0.000585644155016718,0.0,0.5290697674418605,172
