C,mean_accuracy,std_accuracy,mean_f1_macro,std_f1_macro
10.0,0.35,0.023712522789113375,0.3231607667038411,0.03140547479370681
3.1622776601683795,0.35352941176470587,0.010886326778424583,0.3199749572530209,0.028897996053244463
31.622776601683793,0.3458823529411765,0.0285612314972005,0.3198455344710885,0.03103545025502806
0.1,0.33999999999999997,0.018786728732554474,0.30345580405950795,0.04472118320305935
1.0,0.3405882352941177,0.025674297462112007,0.3013022051813098,0.03634021286018437
0.31622776601683794,0.34235294117647064,0.01796286057012058,0.3009004655062232,0.03889506151214404
0.03162277660168379,0.3405882352941177,0.025335124079244733,0.24638951690091865,0.03875101777941
0.01,0.3247058823529412,0.02264896859785702,0.16329090674833158,0.008729579427330207
