split,accuracy,balanced_accuracy,f1_macro,f1_weighted,n_samples
train,0.41359223300970877,0.41207853736672734,0.4100882185566565,0.41092415931591864,2060
validation,0.35,0.34138084159391463,0.3255704038312734,0.33203654272824235,440
