C,mean_accuracy,std_accuracy,mean_f1_macro,std_f1_macro,n_valid_folds,mean_combo
1.0,0.3810457516339869,0.025296124218082094,0.30282986151750607,0.04491259500808637,20,0.30282986151750607
0.01,0.370343137254902,0.02839919108748543,0.2926787756125346,0.060504488764507466,20,0.2926787756125346
0.1,0.3726307189542484,0.02679629749777181,0.2921887274963705,0.04925030418301319,20,0.2921887274963705
0.001,0.33682598039215683,0.03758040816607592,0.1816711729920924,0.04823758401415906,20,0.1816711729920924
