sector,split,accuracy,baseline_accuracy,balanced_accuracy,f1_macro,f1_weighted,n_samples
Industrials,train,0.428735167206041,0.3499190938511327,0.4273180335269546,0.4256895689613316,0.426652470539037,14832
Industrials,testing_tscv_oof,0.3812908496732026,0.3591503267973856,0.3708143839393451,0.35123855815519994,0.3566883320822,12240
Industrials,testing_tscv_fold_mean,0.38129084967320265,,0.3580881203682898,0.3033212794598189,0.317757976248374,12240
Industrials,validation_out_of_sample,0.3778409090909091,0.338699494949495,0.37483942262551095,0.3485628794953904,0.35049458119483373,3168
