sector,split,accuracy,balanced_accuracy,f1_macro,f1_weighted,n_samples
Healthcare,train,0.41828478964401294,0.4173337826302279,0.4162534747384019,0.41679434238537744,12360
Healthcare,testing_tscv_oof,0.3543137254901961,0.35047824410425393,0.34854477398364864,0.35106332376722493,10200
Healthcare,testing_tscv_fold_mean,0.35431372549019613,0.3499256270174752,0.3181360254056082,0.3226586267523987,10200
Healthcare,validation_out_of_sample,0.3571969696969697,0.35287908911187715,0.3318174502720594,0.33476820480213687,2640
