C,mean_accuracy,std_accuracy,mean_f1_macro,std_f1_macro,n_valid_folds,mean_combo
1.0,0.36911764705882355,0.03942539388203493,0.33479166140032446,0.04631026156126378,20,0.33479166140032446
0.1,0.37029411764705883,0.04113387890102048,0.3282770209372151,0.0554735949893533,20,0.3282770209372151
0.01,0.36044117647058826,0.045959736680473706,0.28918808286730663,0.08136297150135872,20,0.28918808286730663
0.001,0.31823529411764706,0.026915761262397263,0.16074111800340274,0.010256550132382634,20,0.16074111800340274
