sector,split,accuracy,baseline_accuracy,balanced_accuracy,f1_macro,f1_weighted,n_samples
Basic Materials,train,0.44733009708737864,0.33689320388349514,0.4475545137775159,0.4468125609145927,0.4467285961434196,4120
Basic Materials,testing_tscv_oof,0.3679411764705882,0.3526470588235294,0.3647340944378667,0.35918742043713725,0.36107218293128307,3400
Basic Materials,testing_tscv_fold_mean,0.36794117647058827,,0.3698830573817727,0.33517354034892716,0.3346459168426241,3400
Basic Materials,validation_out_of_sample,0.39090909090909093,0.3465909090909091,0.3945227426760824,0.36402788862166696,0.362851237524132,880
