C,mean_accuracy,std_accuracy,mean_f1_macro,std_f1_macro,n_valid_folds
0.1,0.36985294117647055,0.03716598502299015,0.3115532554970446,0.03609080272659278,40
0.05,0.3584558823529412,0.03799779761442965,0.2692741167899788,0.060703385746401536,40
0.01,0.32591911764705883,0.032304377887772386,0.17632870262079997,0.04176224691672379,40
0.001,0.33529411764705885,0.03700149987248374,0.16702986896633412,0.01373902397281495,40
