sector,split,accuracy,baseline_accuracy,balanced_accuracy,f1_macro,f1_weighted,n_samples
Basic Materials,train,0.46237864077669905,0.33859223300970875,0.46236766694546577,0.4618877576954637,0.4619199177442306,824
Basic Materials,testing_tscv_oof,0.3764705882352941,0.3411764705882353,0.3747899544257811,0.37068931884926815,0.3715013223748951,680
Basic Materials,testing_tscv_fold_mean,0.3764705882352941,,0.3643669951600971,0.32457553162561503,0.3323364882549094,680
Basic Materials,validation_out_of_sample,0.32954545454545453,0.3522727272727273,0.34940416205195746,0.28437257430549756,0.2767091367908257,176
