C,mean_accuracy,std_accuracy,mean_f1_macro,std_f1_macro,n_valid_folds
10.0,0.3656862745098039,0.023914335132647974,0.31300845584774517,0.04697553440900058,5
31.622776601683793,0.3607843137254902,0.02068139520561667,0.31017969282372826,0.04305749706963473,5
3.1622776601683795,0.3578431372549019,0.0330655332432158,0.30671005295256704,0.05337818787242153,5
1.0,0.35392156862745094,0.01062719773954845,0.30069080607006077,0.03432614811074675,5
0.31622776601683794,0.3480392156862745,0.01834145777830364,0.29142175775082213,0.0254101195845875,5
0.1,0.3578431372549019,0.01249759684704115,0.2885751456691083,0.032910249537046944,5
0.03162277660168379,0.3588235294117647,0.026488737423737845,0.205136690309694,0.04980826192377168,5
0.01,0.3431372549019608,0.034313725490196095,0.17005797266806463,0.012641383335122394,5
