sector,split,accuracy,balanced_accuracy,f1_macro,f1_weighted,n_samples
Basic Materials,train,0.529126213592233,0.5283925311015094,0.5270262691129354,0.527570577213152,412
Basic Materials,testing_tscv_oof,0.3735294117647059,0.3747584541062802,0.37357851119319013,0.37390869608894434,340
Basic Materials,testing_tscv_fold_mean,0.3735294117647059,0.3903103742741424,0.36473636658751285,0.3635632409101343,340
Basic Materials,validation_out_of_sample,0.48863636363636365,0.4864796864240691,0.4420548934633442,0.4438324879346007,88
