C,mean_accuracy,std_accuracy,mean_f1_macro,std_f1_macro,n_valid_folds
0.1,0.325,0.04883638457668494,0.2444156321504199,0.05218552478829073,40
0.05,0.3318014705882353,0.053883526447435666,0.22890071807303275,0.05744473198483013,40
0.01,0.3340073529411765,0.049420144350685834,0.17777102439193598,0.04412356280672939,40
0.001,0.32279411764705884,0.048654370863253554,0.16200584814067273,0.018888332483738595,40
