sector,split,accuracy,baseline_accuracy,balanced_accuracy,f1_macro,f1_weighted,n_samples
Communication Services,train,0.4381067961165049,0.3713592233009709,0.441438838407992,0.434782087019798,0.43462410675297725,824
Communication Services,testing_tscv_oof,0.3220588235294118,0.36617647058823527,0.31634284134413404,0.3127292874694953,0.3175603718705708,680
Communication Services,testing_tscv_fold_mean,0.3220588235294118,,0.3169315811491473,0.25868582991155276,0.2633523563854226,680
Communication Services,validation_out_of_sample,0.4659090909090909,0.48295454545454547,0.43393635984374407,0.4370387209214215,0.4707738328959062,176
